------------------ ------------------------------------------------------------ ------ ------ ------ ------ ------- ------- ------ ------ ------ ------ ------------- ------ ------ ------ ------ ------ ------ ------ ------ ------ ------ ------ ------ ------ ------ ------ ------ ------ ------ ------ ------ ------ ------ ------ ------ ------ ------ ------ ------ ------ ------ ------ ------ ------ ------ ------ ------ ------ ------ ------ ------
Kernel Name        kernel_cutlass_kernel___main__Sm100TransposeCopyKernel_objec                                                                                                                                                                                                                                                                                                                                                                              
                   t_at__Copy_Atom_ThrID_10_TV_Layout_Src_1409601_TV_Layout_Dst                                                                                                                                                                                                                                                                                                                                                                              
                   _1409601_Value_type_f32_tensor00_o_409681921110_Copy_Atom_Th                                                                                                                                                                                                                                                                                                                                                                              
                   rID_10__0                                                                                                                                                                                                                                                                                                                                                                                                                                 
------------------ ------------------------------------------------------------ ------ ------ ------ ------ ------- ------- ------ ------ ------ ------ ------------- ------ ------ ------ ------ ------ ------ ------ ------ ------ ------ ------ ------ ------ ------ ------ ------ ------ ------ ------ ------ ------ ------ ------ ------ ------ ------ ------ ------ ------ ------ ------ ------ ------ ------ ------ ------ ------ ------ ------ ------
Address            Source                                                       Warp S Warp S # Samp Instru Thread  Predic  Avg. T Avg. P Avg. P Diverg Addres        Access Access L1 Con L1 Wav L1 Wav L1 Wav stall_ stall_ stall_ stall_ stall_ stall_ stall_ stall_ stall_ stall_ stall_ stall_ stall_ stall_ stall_ stall_ stall_ stall_ stall_ stall_ stall_ stall_ stall_ stall_ stall_ stall_ stall_ stall_ stall_ stall_ stall_ stall_ stall_ stall_
                                                                                tall S tall S les    ctions  Instr  ated-O  hreads redica redica ent Br s Spac         Opera  Size  flicts efront efront efront barrie branch dispat drain  lg     long_s math   membar mio    misc   no_ins not_se select short_ sleep  tex    wait   barrie branch dispat drain  lg (No long_s math ( membar mio (N misc ( no_ins not_se select short_ sleepi tex (N wait (
                                                                                amplin amplin         Execu uction  n Thre   Execu ted-On ted-On anches e             tion           Share s Shar s Shar s Shar r      _resol ch                   b                                  t      lected ed     sb                          r (Not _resol ch (No (Not I t Issu b (Not Not Is  (Not  ot Iss Not Is t (Not lected ed (No sb (No ng (No ot Iss Not Is
                                                                                g (All g (Not        ted    s Exec  ad Ins  ted     Threa  Threa                                    d N-Wa ed Exc ed     ed Ide        ving                                                                                                             Issue ving ( t Issu ssued) ed)     Issue sued)  Issued ued)   sued)   Issue  (Not  t Issu t Issu t Issu ued)   sued) 
                                                                                 Sampl -issue               uted    tructi         ds Exe ds Une                                    y      essive        al                                                                                                                            d)     Not Is ed)                  d)            )                    d)     Issued ed)    ed)    ed)                 
                                                                                es)    d Samp                       ons Ex         cuted  xecute                                                                                                                                                                                              sued)                                                                 )                                        
                                                                                       les)                         ecuted                d                                                                                                                                                                                                                                                                                                                  
0x7f96775ac100           LDC R1, c[0x0][0x37c]                                  37     36     37     12288  393216  393216  32     32     0      0      -             -      -      0      0      0      0      0      0      0      0      0      0      0      0      0      0      37     0      0      0      0      0      0      0      0      0      0      0      0      0      0      0      0      36     0      0      0      0      0      0     
0x7f96775ac110           S2R R5, SR_TID.X                                       1      0      1      12288  393216  393216  32     32     0      0      -             -      -      0      0      0      0      0      0      0      0      0      0      0      0      0      0      0      0      1      0      0      0      0      0      0      0      0      0      0      0      0      0      0      0      0      0      0      0      0      0     
0x7f96775ac120           MOV R0, 0x400                                          1      0      1      12288  393216  393216  32     32     0      0      -             -      -      0      0      0      0      0      0      0      0      0      0      0      0      0      0      0      0      1      0      0      0      0      0      0      0      0      0      0      0      0      0      0      0      0      0      0      0      0      0     
0x7f96775ac130           UMOV UR6, 0x1                                          4      0      4      12288  393216  393216  32     32     0      0      -             -      -      0      0      0      0      0      0      0      0      0      0      0      0      0      0      0      0      4      0      0      0      0      0      0      0      0      0      0      0      0      0      0      0      0      0      0      0      0      0     
0x7f96775ac140           UMOV UR8, 0x4                                          1      0      1      12288  393216  393216  32     32     0      0      -             -      -      0      0      0      0      0      0      0      0      0      0      0      0      0      0      0      0      1      0      0      0      0      0      0      0      0      0      0      0      0      0      0      0      0      0      0      0      0      0     
0x7f96775ac150           S2R R3, SR_CgaCtaId                                    2      0      2      12288  393216  393216  32     32     0      0      -             -      -      0      0      0      0      0      0      0      0      0      0      0      0      0      0      0      0      2      0      0      0      0      0      0      0      0      0      0      0      0      0      0      0      0      0      0      0      0      0     
0x7f96775ac160           S2UR UR16, SR_CTAID.X                                  3      2      3      12288  393216  393216  32     32     0      0      -             -      -      0      0      0      0      0      0      0      0      0      0      0      0      0      0      0      0      1      0      0      0      2      0      0      0      0      0      0      0      0      0      0      0      0      0      0      0      0      2     
0x7f96775ac170           S2UR UR17, SR_CTAID.Y                                  3      3      3      12288  393216  393216  32     32     0      0      -             -      -      0      0      0      0      0      0      0      0      0      0      0      0      0      0      0      0      0      0      0      0      3      0      0      0      0      0      0      0      0      0      0      0      0      0      0      0      0      3     
0x7f96775ac180           ISETP.NE.U32.AND P0, PT, R5, RZ, PT                    4      3      4      12288  393216  393216  32     32     0      0      -             -      -      0      0      0      0      0      0      0      0      0      0      0      0      0      0      0      0      1      3      0      0      0      0      0      0      0      0      0      0      0      0      0      0      0      0      3      0      0      0     
0x7f96775ac190           SHF.R.U32.HI R149, RZ, 0x5, R5                         1      0      1      12288  393216  393216  32     32     0      0      -             -      -      0      0      0      0      0      0      0      0      0      0      0      0      0      0      0      0      1      0      0      0      0      0      0      0      0      0      0      0      0      0      0      0      0      0      0      0      0      0     
0x7f96775ac1a0           LEA R0, R3, R0, 0x18                                   10     10     10     12288  393216  393216  32     32     0      0      -             -      -      0      0      0      0      0      0      0      0      0      0      0      0      0      0      0      0      0      9      0      0      1      0      0      0      0      0      0      0      0      0      0      0      0      0      9      0      0      1     
0x7f96775ac1b0           ISETP.NE.U32.AND P1, PT, R149, 0x4, PT                 2      0      2      12288  393216  393216  32     32     0      0      -             -      -      0      0      0      0      0      0      0      0      0      0      0      0      0      0      0      0      2      0      0      0      0      0      0      0      0      0      0      0      0      0      0      0      0      0      0      0      0      0     
0x7f96775ac1c0           R2UR UR5, R0                                           1      1      1      12288  393216  393216  32     32     0      0      -             -      -      0      0      0      0      0      0      0      0      0      0      0      0      0      0      0      0      0      0      0      0      1      0      0      0      0      0      0      0      0      0      0      0      0      0      0      0      0      1     
0x7f96775ac1d0           VOTEU.ALL UP0, P0                                      3      3      3      12288  393216  393216  32     32     0      0      -             -      -      0      0      0      0      0      0      0      0      0      0      0      0      0      0      0      0      0      0      0      0      3      0      0      0      0      0      0      0      0      0      0      0      0      0      0      0      0      3     
0x7f96775ac1e0     @!P0  IMAD.MOV.U32 R0, RZ, RZ, 0x10000                       1      0      1      12288  393216  2048    32     0      32     0      -             -      -      0      0      0      0      0      0      0      0      0      0      0      0      0      0      0      0      1      0      0      0      0      0      0      0      0      0      0      0      0      0      0      0      0      0      0      0      0      0     
0x7f96775ac1f0     @!UP0 UIADD3 UR6, UPT, UPT, -UR6, 0x100000, URZ              0      0      0      12288  393216  65536   32     5      27     0      -             -      -      0      0      0      0      0      0      0      0      0      0      0      0      0      0      0      0      0      0      0      0      0      0      0      0      0      0      0      0      0      0      0      0      0      0      0      0      0      0     
0x7f96775ac200     @!UP0 USHF.L.U32 UR7, UR6, 0xb, URZ                          4      3      4      12288  393216  65536   32     5      27     0      -             -      -      0      0      0      0      0      0      0      0      0      0      0      0      0      0      0      0      1      0      0      0      3      0      0      0      0      0      0      0      0      0      0      0      0      0      0      0      0      3     
0x7f96775ac210     @!UP0 USHF.L.U32 UR6, UR6, 0x1, URZ                          2      0      2      12288  393216  65536   32     5      27     0      -             -      -      0      0      0      0      0      0      0      0      0      0      0      0      0      0      0      0      2      0      0      0      0      0      0      0      0      0      0      0      0      0      0      0      0      0      0      0      0      0     
0x7f96775ac220     @!UP0 UIADD3 UR8, UPT, UPT, -UR8, 0x100000, URZ              1      0      1      12288  393216  65536   32     5      27     0      -             -      -      0      0      0      0      0      0      0      0      0      0      0      0      0      0      0      0      1      0      0      0      0      0      0      0      0      0      0      0      0      0      0      0      0      0      0      0      0      0     
0x7f96775ac230     @!UP0 USHF.L.U32 UR9, UR8, 0xb, URZ                          3      3      3      12288  393216  65536   32     5      27     0      -             -      -      0      0      0      0      0      0      0      0      0      0      0      0      0      0      0      0      0      0      0      0      3      0      0      0      0      0      0      0      0      0      0      0      0      0      0      0      0      3     
0x7f96775ac240     @!UP0 USHF.L.U32 UR8, UR8, 0x1, URZ                          0      0      0      12288  393216  65536   32     5      27     0      -             -      -      0      0      0      0      0      0      0      0      0      0      0      0      0      0      0      0      0      0      0      0      0      0      0      0      0      0      0      0      0      0      0      0      0      0      0      0      0      0     
0x7f96775ac250     @!UP0 SYNCS.EXCH.64 URZ, [UR5], UR6                          2      1      2      12288  393216  65536   32     5      27     0      -             -      -      0      0      0      0      0      0      0      0      0      0      0      0      0      0      0      0      1      0      0      0      1      0      0      0      0      0      0      0      0      0      0      0      0      0      0      0      0      1     
0x7f96775ac260     @!UP0 SYNCS.EXCH.64 URZ, [UR5+0x8], UR8                      4      4      4      12288  393216  65536   32     5      27     0      -             -      -      0      0      0      0      0      0      0      0      0      0      0      0      0      0      0      0      0      0      0      0      4      0      0      0      0      0      0      0      0      0      0      0      0      0      0      0      0      4     
0x7f96775ac270     @!P0  SYNCS.ARRIVE.TRANS64.RED.A0TR RZ, [UR5], R0            12     11     12     12288  393216  2048    32     0      32     0      -             -      -      0      0      0      0      0      0      0      0      0      11     0      0      0      0      0      0      0      0      0      0      1      0      0      0      0      0      10     0      0      0      0      0      0      0      0      0      0      1     
0x7f96775ac280           NOP                                                    0      0      0      12288  393216  393216  32     32     0      0      -             -      -      0      0      0      0      0      0      0      0      0      0      0      0      0      0      0      0      0      0      0      0      0      0      0      0      0      0      0      0      0      0      0      0      0      0      0      0      0      0     
0x7f96775ac290           BAR.SYNC.DEFER_BLOCKING 0x0                            1      0      1      12288  393216  393216  32     32     0      0      -             -      -      0      0      0      0      0      0      0      0      0      0      0      0      0      0      0      0      1      0      0      0      0      0      0      0      0      0      0      0      0      0      0      0      0      0      0      0      0      0     
0x7f96775ac2a0           ISETP.GT.AND P0, PT, R149, 0x3, PT                     0      0      0      12288  393216  393216  32     32     0      0      -             -      -      0      0      0      0      0      0      0      0      0      0      0      0      0      0      0      0      0      0      0      0      0      0      0      0      0      0      0      0      0      0      0      0      0      0      0      0      0      0     
0x7f96775ac2b0     @P1   BRA 0x7f96775ac450                                     5      5      5      12288  393216  327680  32     26     6      0      -             -      -      0      0      0      0      2      0      0      0      0      0      0      0      0      0      0      0      0      0      0      0      3      2      0      0      0      0      0      0      0      0      0      0      0      0      0      0      0      3     
0x7f96775ac2c0           LDCU.64 UR8, c[0x0][0x348]                             5      5      5      2048   65536   65536   32     32     0      0      -             -      -      0      0      0      0      0      0      0      0      0      0      0      0      0      0      0      0      0      0      0      0      5      0      0      0      0      0      0      0      0      0      0      0      0      0      0      0      0      5     
0x7f96775ac2d0           LDCU.64 UR10, c[0x0][0x348]                            0      0      0      2048   65536   65536   32     32     0      0      -             -      -      0      0      0      0      0      0      0      0      0      0      0      0      0      0      0      0      0      0      0      0      0      0      0      0      0      0      0      0      0      0      0      0      0      0      0      0      0      0     
0x7f96775ac2e0           LDCU.64 UR18, c[0x0][0x348]                            0      0      0      2048   65536   65536   32     32     0      0      -             -      -      0      0      0      0      0      0      0      0      0      0      0      0      0      0      0      0      0      0      0      0      0      0      0      0      0      0      0      0      0      0      0      0      0      0      0      0      0      0     
0x7f96775ac2f0           LDCU.64 UR28, c[0x0][0x348]                            0      0      0      2048   65536   65536   32     32     0      0      -             -      -      0      0      0      0      0      0      0      0      0      0      0      0      0      0      0      0      0      0      0      0      0      0      0      0      0      0      0      0      0      0      0      0      0      0      0      0      0      0     
0x7f96775ac300           USHF.L.U32 UR6, UR17, 0x7, URZ                         0      0      0      2048   65536   65536   32     32     0      0      -             -      -      0      0      0      0      0      0      0      0      0      0      0      0      0      0      0      0      0      0      0      0      0      0      0      0      0      0      0      0      0      0      0      0      0      0      0      0      0      0     
0x7f96775ac310           USHF.L.U32 UR7, UR16, 0x7, URZ                         0      0      0      2048   65536   65536   32     32     0      0      -             -      -      0      0      0      0      0      0      0      0      0      0      0      0      0      0      0      0      0      0      0      0      0      0      0      0      0      0      0      0      0      0      0      0      0      0      0      0      0      0     
0x7f96775ac320           UIADD3 UR4, UPT, UPT, UR5, 0x80, URZ                   0      0      0      2048   65536   65536   32     32     0      0      -             -      -      0      0      0      0      0      0      0      0      0      0      0      0      0      0      0      0      0      0      0      0      0      0      0      0      0      0      0      0      0      0      0      0      0      0      0      0      0      0     
0x7f96775ac330           ELECT P1, URZ, PT                                      0      0      0      2048   65536   65536   32     32     0      0      -             -      -      0      0      0      0      0      0      0      0      0      0      0      0      0      0      0      0      0      0      0      0      0      0      0      0      0      0      0      0      0      0      0      0      0      0      0      0      0      0     
0x7f96775ac340           UIADD3 UR12, UPT, UPT, UR5, 0x4080, URZ                0      0      0      2048   65536   65536   32     32     0      0      -             -      -      0      0      0      0      0      0      0      0      0      0      0      0      0      0      0      0      0      0      0      0      0      0      0      0      0      0      0      0      0      0      0      0      0      0      0      0      0      0     
0x7f96775ac350           UIADD3 UR14, UPT, UPT, UR6, 0x20, URZ                  0      0      0      2048   65536   65536   32     32     0      0      -             -      -      0      0      0      0      0      0      0      0      0      0      0      0      0      0      0      0      0      0      0      0      0      0      0      0      0      0      0      0      0      0      0      0      0      0      0      0      0      0     
0x7f96775ac360           UIADD3 UR20, UPT, UPT, UR5, 0x8080, URZ                0      0      0      2048   65536   65536   32     32     0      0      -             -      -      0      0      0      0      0      0      0      0      0      0      0      0      0      0      0      0      0      0      0      0      0      0      0      0      0      0      0      0      0      0      0      0      0      0      0      0      0      0     
0x7f96775ac370           UTMALDG.2D desc[URZ], [UR4], [UR8]                     0      0      0      2048   65536   65536   32     32     0      0      Global,Shared -      -      0      0      0      0      0      0      0      0      0      0      0      0      0      0      0      0      0      0      0      0      0      0      0      0      0      0      0      0      0      0      0      0      0      0      0      0      0      0     
0x7f96775ac380           UIADD3 UR22, UPT, UPT, UR6, 0x40, URZ                  0      0      0      2048   65536   65536   32     32     0      0      -             -      -      0      0      0      0      0      0      0      0      0      0      0      0      0      0      0      0      0      0      0      0      0      0      0      0      0      0      0      0      0      0      0      0      0      0      0      0      0      0     
0x7f96775ac390           UIADD3 UR24, UPT, UPT, UR5, 0xc080, URZ                0      0      0      2048   65536   65536   32     32     0      0      -             -      -      0      0      0      0      0      0      0      0      0      0      0      0      0      0      0      0      0      0      0      0      0      0      0      0      0      0      0      0      0      0      0      0      0      0      0      0      0      0     
0x7f96775ac3a0           UIADD3 UR26, UPT, UPT, UR6, 0x60, URZ                  0      0      0      2048   65536   65536   32     32     0      0      -             -      -      0      0      0      0      0      0      0      0      0      0      0      0      0      0      0      0      0      0      0      0      0      0      0      0      0      0      0      0      0      0      0      0      0      0      0      0      0      0     
0x7f96775ac3b0           UMOV UR13, UR5                                         0      0      0      2048   65536   65536   32     32     0      0      -             -      -      0      0      0      0      0      0      0      0      0      0      0      0      0      0      0      0      0      0      0      0      0      0      0      0      0      0      0      0      0      0      0      0      0      0      0      0      0      0     
0x7f96775ac3c0           UMOV UR15, UR7                                         0      0      0      2048   65536   65536   32     32     0      0      -             -      -      0      0      0      0      0      0      0      0      0      0      0      0      0      0      0      0      0      0      0      0      0      0      0      0      0      0      0      0      0      0      0      0      0      0      0      0      0      0     
0x7f96775ac3d0           UMOV UR21, UR5                                         0      0      0      2048   65536   65536   32     32     0      0      -             -      -      0      0      0      0      0      0      0      0      0      0      0      0      0      0      0      0      0      0      0      0      0      0      0      0      0      0      0      0      0      0      0      0      0      0      0      0      0      0     
0x7f96775ac3e0           UMOV UR23, UR7                                         0      0      0      2048   65536   65536   32     32     0      0      -             -      -      0      0      0      0      0      0      0      0      0      0      0      0      0      0      0      0      0      0      0      0      0      0      0      0      0      0      0      0      0      0      0      0      0      0      0      0      0      0     
0x7f96775ac3f0           UTMALDG.2D desc[URZ], [UR12], [UR10]                   0      0      0      2048   65536   65536   32     32     0      0      Global,Shared -      -      0      0      0      0      0      0      0      0      0      0      0      0      0      0      0      0      0      0      0      0      0      0      0      0      0      0      0      0      0      0      0      0      0      0      0      0      0      0     
0x7f96775ac400           UMOV UR25, UR5                                         0      0      0      2048   65536   65536   32     32     0      0      -             -      -      0      0      0      0      0      0      0      0      0      0      0      0      0      0      0      0      0      0      0      0      0      0      0      0      0      0      0      0      0      0      0      0      0      0      0      0      0      0     
0x7f96775ac410           UMOV UR27, UR7                                         0      0      0      2048   65536   65536   32     32     0      0      -             -      -      0      0      0      0      0      0      0      0      0      0      0      0      0      0      0      0      0      0      0      0      0      0      0      0      0      0      0      0      0      0      0      0      0      0      0      0      0      0     
0x7f96775ac420           UTMALDG.2D desc[URZ], [UR20], [UR18]                   0      0      0      2048   65536   65536   32     32     0      0      Global,Shared -      -      0      0      0      0      0      0      0      0      0      0      0      0      0      0      0      0      0      0      0      0      0      0      0      0      0      0      0      0      0      0      0      0      0      0      0      0      0      0     
0x7f96775ac430           UTMALDG.2D desc[URZ], [UR24], [UR28]                   0      0      0      2048   65536   65536   32     32     0      0      Global,Shared -      -      0      0      0      0      0      0      0      0      0      0      0      0      0      0      0      0      0      0      0      0      0      0      0      0      0      0      0      0      0      0      0      0      0      0      0      0      0      0     
0x7f96775ac440     @P1   SYNCS.ARRIVE.TRANS64.A1T0 RZ, [UR5], RZ                0      0      0      2048   65536   2048    32     1      31     0      -             -      -      0      0      0      0      0      0      0      0      0      0      0      0      0      0      0      0      0      0      0      0      0      0      0      0      0      0      0      0      0      0      0      0      0      0      0      0      0      0     
0x7f96775ac450     @P0   BRA 0x7f96775b0580                                     8      8      8      12288  393216  131072  32     10     22     0      -             -      -      0      0      0      0      0      1      0      0      0      0      0      0      0      0      7      0      0      0      0      0      0      0      1      0      0      0      0      0      0      0      0      7      0      0      0      0      0      0     
0x7f96775ac460           SHF.L.U32 R0, RZ, 0x1f, RZ                             1      1      1      8192   262144  262144  32     32     0      0      -             -      -      0      0      0      0      0      0      0      0      0      0      0      0      0      0      0      0      0      0      0      0      1      0      0      0      0      0      0      0      0      0      0      0      0      0      0      0      0      1     
0x7f96775ac470           IMAD.U32 R3, RZ, RZ, UR5                               6      6      6      16384  524288  524288  32     32     0      0      -             -      -      0      0      0      0      0      0      0      0      0      0      0      0      0      0      0      0      0      0      0      0      6      0      0      0      0      0      0      0      0      0      0      0      0      0      0      0      0      6     
0x7f96775ac480           SYNCS.PHASECHK.TRANS64.TRYWAIT P0, [R3+URZ], R0        3      1      3      16384  524288  524288  32     32     0      0      -             -      -      0      0      0      0      0      0      0      0      0      0      0      0      0      0      0      0      2      0      0      0      1      0      0      0      0      0      0      0      0      0      0      0      0      0      0      0      0      1     
0x7f96775ac490     @!P0  NANOSLEEP.SYNCS 0x989680                               776    775    776    16384  524288  262144  32     16     16     0      -             -      -      0      0      0      0      0      0      0      0      0      774    0      0      0      0      0      0      0      0      0      0      2      0      0      0      0      0      773    0      0      0      0      0      0      0      0      0      0      2     
0x7f96775ac4a0     @!P0  SYNCS.PHASECHK.TRANS64 P0, [R3+URZ], R0                1      1      1      16384  524288  262144  32     16     16     0      -             -      -      0      0      0      0      0      0      0      0      0      0      0      0      0      0      0      0      0      0      0      0      1      0      0      0      0      0      0      0      0      0      0      0      0      0      0      0      0      1     
0x7f96775ac4b0     @!P0  BRA 0x7f96775ac470                                     11     11     11     16384  524288  262144  32     16     16     0      -             -      -      0      0      0      0      0      0      0      0      0      11     0      0      0      0      0      0      0      0      0      0      0      0      0      0      0      0      11     0      0      0      0      0      0      0      0      0      0      0     
0x7f96775ac4c0           IMAD.SHL.U32 R12, R5, 0x80, RZ                         1      1      1      8192   262144  262144  32     32     0      0      -             -      -      0      0      0      0      0      0      0      0      0      0      0      0      0      0      0      0      0      0      0      0      1      0      0      0      0      0      0      0      0      0      0      0      0      0      0      0      0      1     
0x7f96775ac4d0           ELECT P0, URZ, PT                                      0      0      0      8192   262144  262144  32     32     0      0      -             -      -      0      0      0      0      0      0      0      0      0      0      0      0      0      0      0      0      0      0      0      0      0      0      0      0      0      0      0      0      0      0      0      0      0      0      0      0      0      0     
0x7f96775ac4e0           LOP3.LUT R15, R12, 0x3f80, RZ, 0xc0, !PT               1      1      1      8192   262144  262144  32     32     0      0      -             -      -      0      0      0      0      0      0      0      0      0      0      0      0      0      0      0      0      0      0      0      0      1      0      0      0      0      0      0      0      0      0      0      0      0      0      0      0      0      1     
0x7f96775ac4f0           LOP3.LUT R12, R12, R5, RZ, 0xfc, !PT                   1      1      1      8192   262144  262144  32     32     0      0      -             -      -      0      0      0      0      0      0      0      0      0      0      0      0      0      0      0      0      0      0      0      0      1      0      0      0      0      0      0      0      0      0      0      0      0      0      0      0      0      1     
0x7f96775ac500           VIADD R15, R15, UR5                                    1      0      1      8192   262144  262144  32     32     0      0      -             -      -      0      0      0      0      0      0      0      0      0      0      0      0      0      0      0      0      1      0      0      0      0      0      0      0      0      0      0      0      0      0      0      0      0      0      0      0      0      0     
0x7f96775ac510           IMAD.SHL.U32 R20, R12, 0x4, RZ                         2      2      2      8192   262144  262144  32     32     0      0      -             -      -      0      0      0      0      0      0      0      0      0      0      0      0      0      0      0      0      0      0      0      0      2      0      0      0      0      0      0      0      0      0      0      0      0      0      0      0      0      2     
0x7f96775ac520           VIADD R39, R15, 0x84                                   0      0      0      8192   262144  262144  32     32     0      0      -             -      -      0      0      0      0      0      0      0      0      0      0      0      0      0      0      0      0      0      0      0      0      0      0      0      0      0      0      0      0      0      0      0      0      0      0      0      0      0      0     
0x7f96775ac530           VIADD R41, R15, 0x8c                                   0      0      0      8192   262144  262144  32     32     0      0      -             -      -      0      0      0      0      0      0      0      0      0      0      0      0      0      0      0      0      0      0      0      0      0      0      0      0      0      0      0      0      0      0      0      0      0      0      0      0      0      0     
0x7f96775ac540           VIADD R43, R15, 0x94                                   1      1      1      8192   262144  262144  32     32     0      0      -             -      -      0      0      0      0      0      0      0      0      0      0      0      0      0      0      0      0      0      0      0      0      1      0      0      0      0      0      0      0      0      0      0      0      0      0      0      0      0      1     
0x7f96775ac550           SHF.R.U32.HI R0, RZ, 0x3, R39                          0      0      0      8192   262144  262144  32     32     0      0      -             -      -      0      0      0      0      0      0      0      0      0      0      0      0      0      0      0      0      0      0      0      0      0      0      0      0      0      0      0      0      0      0      0      0      0      0      0      0      0      0     
0x7f96775ac560           VIADD R45, R15, 0x9c                                   1      0      1      8192   262144  262144  32     32     0      0      -             -      -      0      0      0      0      0      0      0      0      0      0      0      0      0      0      0      0      1      0      0      0      0      0      0      0      0      0      0      0      0      0      0      0      0      0      0      0      0      0     
0x7f96775ac570           VIADD R47, R15, 0xa4                                   3      1      3      8192   262144  262144  32     32     0      0      -             -      -      0      0      0      0      0      0      0      0      0      0      0      0      0      0      0      0      2      0      0      0      1      0      0      0      0      0      0      0      0      0      0      0      0      0      0      0      0      1     
0x7f96775ac580           LOP3.LUT R39, R39, 0x70, R0, 0x78, !PT                 0      0      0      8192   262144  262144  32     32     0      0      -             -      -      0      0      0      0      0      0      0      0      0      0      0      0      0      0      0      0      0      0      0      0      0      0      0      0      0      0      0      0      0      0      0      0      0      0      0      0      0      0     
0x7f96775ac590           VIADD R49, R15, 0xac                                   3      0      3      8192   262144  262144  32     32     0      0      -             -      -      0      0      0      0      0      0      0      0      0      0      0      0      0      0      0      0      3      0      0      0      0      0      0      0      0      0      0      0      0      0      0      0      0      0      0      0      0      0     
0x7f96775ac5a0           SHF.R.U32.HI R0, RZ, 0x3, R41                          0      0      0      8192   262144  262144  32     32     0      0      -             -      -      0      0      0      0      0      0      0      0      0      0      0      0      0      0      0      0      0      0      0      0      0      0      0      0      0      0      0      0      0      0      0      0      0      0      0      0      0      0     
0x7f96775ac5b0           VIADD R51, R15, 0xb4                                   0      0      0      8192   262144  262144  32     32     0      0      -             -      -      0      0      0      0      0      0      0      0      0      0      0      0      0      0      0      0      0      0      0      0      0      0      0      0      0      0      0      0      0      0      0      0      0      0      0      0      0      0     
0x7f96775ac5c0           VIADD R53, R15, 0xbc                                   2      1      2      8192   262144  262144  32     32     0      0      -             -      -      0      0      0      0      0      0      0      0      0      0      0      0      0      0      0      0      1      0      0      0      1      0      0      0      0      0      0      0      0      0      0      0      0      0      0      0      0      1     
0x7f96775ac5d0           LOP3.LUT R41, R41, 0x70, R0, 0x78, !PT                 0      0      0      8192   262144  262144  32     32     0      0      -             -      -      0      0      0      0      0      0      0      0      0      0      0      0      0      0      0      0      0      0      0      0      0      0      0      0      0      0      0      0      0      0      0      0      0      0      0      0      0      0     
0x7f96775ac5e0           VIADD R55, R15, 0xc4                                   1      0      1      8192   262144  262144  32     32     0      0      -             -      -      0      0      0      0      0      0      0      0      0      0      0      0      0      0      0      0      1      0      0      0      0      0      0      0      0      0      0      0      0      0      0      0      0      0      0      0      0      0     
0x7f96775ac5f0           SHF.R.U32.HI R0, RZ, 0x3, R43                          0      0      0      8192   262144  262144  32     32     0      0      -             -      -      0      0      0      0      0      0      0      0      0      0      0      0      0      0      0      0      0      0      0      0      0      0      0      0      0      0      0      0      0      0      0      0      0      0      0      0      0      0     
0x7f96775ac600           VIADD R57, R15, 0xcc                                   2      0      2      8192   262144  262144  32     32     0      0      -             -      -      0      0      0      0      0      0      0      0      0      0      0      0      0      0      0      0      2      0      0      0      0      0      0      0      0      0      0      0      0      0      0      0      0      0      0      0      0      0     
0x7f96775ac610           LDS R39, [R39]                                         1      0      1      8192   262144  262144  32     32     0      0      Shared        Load   32     4      24576  32768  8192   0      0      0      0      0      0      0      0      0      0      0      0      1      0      0      0      0      0      0      0      0      0      0      0      0      0      0      0      0      0      0      0      0      0     
0x7f96775ac620           VIADD R59, R15, 0xd4                                   0      0      0      8192   262144  262144  32     32     0      0      -             -      -      0      0      0      0      0      0      0      0      0      0      0      0      0      0      0      0      0      0      0      0      0      0      0      0      0      0      0      0      0      0      0      0      0      0      0      0      0      0     
0x7f96775ac630           LOP3.LUT R43, R43, 0x70, R0, 0x78, !PT                 1      0      1      8192   262144  262144  32     32     0      0      -             -      -      0      0      0      0      0      0      0      0      0      0      0      0      0      0      0      0      1      0      0      0      0      0      0      0      0      0      0      0      0      0      0      0      0      0      0      0      0      0     
0x7f96775ac640           VIADD R61, R15, 0xdc                                   2      0      2      8192   262144  262144  32     32     0      0      -             -      -      0      0      0      0      0      0      0      0      0      0      0      0      0      0      0      0      2      0      0      0      0      0      0      0      0      0      0      0      0      0      0      0      0      0      0      0      0      0     
0x7f96775ac650           SHF.R.U32.HI R0, RZ, 0x3, R45                          0      0      0      8192   262144  262144  32     32     0      0      -             -      -      0      0      0      0      0      0      0      0      0      0      0      0      0      0      0      0      0      0      0      0      0      0      0      0      0      0      0      0      0      0      0      0      0      0      0      0      0      0     
0x7f96775ac660           VIADD R63, R15, 0xe4                                   0      0      0      8192   262144  262144  32     32     0      0      -             -      -      0      0      0      0      0      0      0      0      0      0      0      0      0      0      0      0      0      0      0      0      0      0      0      0      0      0      0      0      0      0      0      0      0      0      0      0      0      0     
0x7f96775ac670           LDS R41, [R41]                                         1      0      1      8192   262144  262144  32     32     0      0      Shared        Load   32     4      24576  32768  8192   0      0      0      0      0      0      0      0      0      0      0      0      1      0      0      0      0      0      0      0      0      0      0      0      0      0      0      0      0      0      0      0      0      0     
0x7f96775ac680           VIADD R65, R15, 0xec                                   3      1      3      8192   262144  262144  32     32     0      0      -             -      -      0      0      0      0      0      0      0      0      0      0      0      0      0      0      1      0      2      0      0      0      0      0      0      0      0      0      0      0      0      0      0      1      0      0      0      0      0      0     
0x7f96775ac690           LOP3.LUT R45, R45, 0x70, R0, 0x78, !PT                 0      0      0      8192   262144  262144  32     32     0      0      -             -      -      0      0      0      0      0      0      0      0      0      0      0      0      0      0      0      0      0      0      0      0      0      0      0      0      0      0      0      0      0      0      0      0      0      0      0      0      0      0     
0x7f96775ac6a0           VIADD R67, R15, 0xf4                                   0      0      0      8192   262144  262144  32     32     0      0      -             -      -      0      0      0      0      0      0      0      0      0      0      0      0      0      0      0      0      0      0      0      0      0      0      0      0      0      0      0      0      0      0      0      0      0      0      0      0      0      0     
0x7f96775ac6b0           SHF.R.U32.HI R0, RZ, 0x3, R47                          0      0      0      8192   262144  262144  32     32     0      0      -             -      -      0      0      0      0      0      0      0      0      0      0      0      0      0      0      0      0      0      0      0      0      0      0      0      0      0      0      0      0      0      0      0      0      0      0      0      0      0      0     
0x7f96775ac6c0           VIADD R69, R15, 0xfc                                   2      0      2      8192   262144  262144  32     32     0      0      -             -      -      0      0      0      0      0      0      0      0      0      0      0      0      0      0      0      0      2      0      0      0      0      0      0      0      0      0      0      0      0      0      0      0      0      0      0      0      0      0     
0x7f96775ac6d0           LDS R43, [R43]                                         0      0      0      8192   262144  262144  32     32     0      0      Shared        Load   32     4      24576  32768  8192   0      0      0      0      0      0      0      0      0      0      0      0      0      0      0      0      0      0      0      0      0      0      0      0      0      0      0      0      0      0      0      0      0      0     
0x7f96775ac6e0           VIADD R71, R15, 0x4084                                 0      0      0      8192   262144  262144  32     32     0      0      -             -      -      0      0      0      0      0      0      0      0      0      0      0      0      0      0      0      0      0      0      0      0      0      0      0      0      0      0      0      0      0      0      0      0      0      0      0      0      0      0     
0x7f96775ac6f0           LOP3.LUT R47, R47, 0x70, R0, 0x78, !PT                 0      0      0      8192   262144  262144  32     32     0      0      -             -      -      0      0      0      0      0      0      0      0      0      0      0      0      0      0      0      0      0      0      0      0      0      0      0      0      0      0      0      0      0      0      0      0      0      0      0      0      0      0     
0x7f96775ac700           VIADD R73, R15, 0x408c                                 1      0      1      8192   262144  262144  32     32     0      0      -             -      -      0      0      0      0      0      0      0      0      0      0      0      0      0      0      0      0      1      0      0      0      0      0      0      0      0      0      0      0      0      0      0      0      0      0      0      0      0      0     
0x7f96775ac710           SHF.R.U32.HI R0, RZ, 0x3, R49                          0      0      0      8192   262144  262144  32     32     0      0      -             -      -      0      0      0      0      0      0      0      0      0      0      0      0      0      0      0      0      0      0      0      0      0      0      0      0      0      0      0      0      0      0      0      0      0      0      0      0      0      0     
0x7f96775ac720           VIADD R75, R15, 0x4094                                 0      0      0      8192   262144  262144  32     32     0      0      -             -      -      0      0      0      0      0      0      0      0      0      0      0      0      0      0      0      0      0      0      0      0      0      0      0      0      0      0      0      0      0      0      0      0      0      0      0      0      0      0     
0x7f96775ac730           LDS R45, [R45]                                         0      0      0      8192   262144  262144  32     32     0      0      Shared        Load   32     4      24576  32768  8192   0      0      0      0      0      0      0      0      0      0      0      0      0      0      0      0      0      0      0      0      0      0      0      0      0      0      0      0      0      0      0      0      0      0     
0x7f96775ac740           VIADD R77, R15, 0x409c                                 2      0      2      8192   262144  262144  32     32     0      0      -             -      -      0      0      0      0      0      0      0      0      0      0      0      0      0      0      0      0      2      0      0      0      0      0      0      0      0      0      0      0      0      0      0      0      0      0      0      0      0      0     
0x7f96775ac750           LOP3.LUT R49, R49, 0x70, R0, 0x78, !PT                 0      0      0      8192   262144  262144  32     32     0      0      -             -      -      0      0      0      0      0      0      0      0      0      0      0      0      0      0      0      0      0      0      0      0      0      0      0      0      0      0      0      0      0      0      0      0      0      0      0      0      0      0     
0x7f96775ac760           VIADD R79, R15, 0x40a4                                 2      0      2      8192   262144  262144  32     32     0      0      -             -      -      0      0      0      0      0      0      0      0      0      0      0      0      0      0      0      0      2      0      0      0      0      0      0      0      0      0      0      0      0      0      0      0      0      0      0      0      0      0     
0x7f96775ac770           SHF.R.U32.HI R0, RZ, 0x3, R51                          0      0      0      8192   262144  262144  32     32     0      0      -             -      -      0      0      0      0      0      0      0      0      0      0      0      0      0      0      0      0      0      0      0      0      0      0      0      0      0      0      0      0      0      0      0      0      0      0      0      0      0      0     
0x7f96775ac780           VIADD R81, R15, 0x40ac                                 0      0      0      8192   262144  262144  32     32     0      0      -             -      -      0      0      0      0      0      0      0      0      0      0      0      0      0      0      0      0      0      0      0      0      0      0      0      0      0      0      0      0      0      0      0      0      0      0      0      0      0      0     
0x7f96775ac790           LDS R47, [R47]                                         0      0      0      8192   262144  262144  32     32     0      0      Shared        Load   32     4      24576  32768  8192   0      0      0      0      0      0      0      0      0      0      0      0      0      0      0      0      0      0      0      0      0      0      0      0      0      0      0      0      0      0      0      0      0      0     
0x7f96775ac7a0           VIADD R83, R15, 0x40b4                                 2      0      2      8192   262144  262144  32     32     0      0      -             -      -      0      0      0      0      0      0      0      0      0      0      0      0      0      0      0      0      2      0      0      0      0      0      0      0      0      0      0      0      0      0      0      0      0      0      0      0      0      0     
0x7f96775ac7b0           LOP3.LUT R51, R51, 0x70, R0, 0x78, !PT                 0      0      0      8192   262144  262144  32     32     0      0      -             -      -      0      0      0      0      0      0      0      0      0      0      0      0      0      0      0      0      0      0      0      0      0      0      0      0      0      0      0      0      0      0      0      0      0      0      0      0      0      0     
0x7f96775ac7c0           VIADD R85, R15, 0x40bc                                 0      0      0      8192   262144  262144  32     32     0      0      -             -      -      0      0      0      0      0      0      0      0      0      0      0      0      0      0      0      0      0      0      0      0      0      0      0      0      0      0      0      0      0      0      0      0      0      0      0      0      0      0     
0x7f96775ac7d0           SHF.R.U32.HI R0, RZ, 0x3, R53                          0      0      0      8192   262144  262144  32     32     0      0      -             -      -      0      0      0      0      0      0      0      0      0      0      0      0      0      0      0      0      0      0      0      0      0      0      0      0      0      0      0      0      0      0      0      0      0      0      0      0      0      0     
0x7f96775ac7e0           VIADD R87, R15, 0x40c4                                 0      0      0      8192   262144  262144  32     32     0      0      -             -      -      0      0      0      0      0      0      0      0      0      0      0      0      0      0      0      0      0      0      0      0      0      0      0      0      0      0      0      0      0      0      0      0      0      0      0      0      0      0     
0x7f96775ac7f0           LDS R49, [R49]                                         0      0      0      8192   262144  262144  32     32     0      0      Shared        Load   32     4      24576  32768  8192   0      0      0      0      0      0      0      0      0      0      0      0      0      0      0      0      0      0      0      0      0      0      0      0      0      0      0      0      0      0      0      0      0      0     
0x7f96775ac800           VIADD R38, R15, 0x80                                   2      2      2      8192   262144  262144  32     32     0      0      -             -      -      0      0      0      0      0      0      0      0      0      0      0      0      0      0      2      0      0      0      0      0      0      0      0      0      0      0      0      0      0      0      0      2      0      0      0      0      0      0     
0x7f96775ac810           LOP3.LUT R53, R53, 0x70, R0, 0x78, !PT                 2      0      2      8192   262144  262144  32     32     0      0      -             -      -      0      0      0      0      0      0      0      0      0      0      0      0      0      0      0      0      2      0      0      0      0      0      0      0      0      0      0      0      0      0      0      0      0      0      0      0      0      0     
0x7f96775ac820           VIADD R89, R15, 0x40cc                                 0      0      0      8192   262144  262144  32     32     0      0      -             -      -      0      0      0      0      0      0      0      0      0      0      0      0      0      0      0      0      0      0      0      0      0      0      0      0      0      0      0      0      0      0      0      0      0      0      0      0      0      0     
0x7f96775ac830           SHF.R.U32.HI R0, RZ, 0x3, R55                          1      0      1      8192   262144  262144  32     32     0      0      -             -      -      0      0      0      0      0      0      0      0      0      0      0      0      0      0      0      0      1      0      0      0      0      0      0      0      0      0      0      0      0      0      0      0      0      0      0      0      0      0     
0x7f96775ac840           VIADD R40, R15, 0x88                                   0      0      0      8192   262144  262144  32     32     0      0      -             -      -      0      0      0      0      0      0      0      0      0      0      0      0      0      0      0      0      0      0      0      0      0      0      0      0      0      0      0      0      0      0      0      0      0      0      0      0      0      0     
0x7f96775ac850           SHF.R.U32.HI R3, RZ, 0x3, R38                          1      0      1      8192   262144  262144  32     32     0      0      -             -      -      0      0      0      0      0      0      0      0      0      0      0      0      0      0      0      0      1      0      0      0      0      0      0      0      0      0      0      0      0      0      0      0      0      0      0      0      0      0     
0x7f96775ac860           VIADD R91, R15, 0x40d4                                 2      0      2      8192   262144  262144  32     32     0      0      -             -      -      0      0      0      0      0      0      0      0      0      0      0      0      0      0      0      0      2      0      0      0      0      0      0      0      0      0      0      0      0      0      0      0      0      0      0      0      0      0     
0x7f96775ac870           LOP3.LUT R55, R55, 0x70, R0, 0x78, !PT                 1      0      1      8192   262144  262144  32     32     0      0      -             -      -      0      0      0      0      0      0      0      0      0      0      0      0      0      0      0      0      1      0      0      0      0      0      0      0      0      0      0      0      0      0      0      0      0      0      0      0      0      0     
0x7f96775ac880           VIADD R44, R15, 0x98                                   1      0      1      8192   262144  262144  32     32     0      0      -             -      -      0      0      0      0      0      0      0      0      0      0      0      0      0      0      0      0      1      0      0      0      0      0      0      0      0      0      0      0      0      0      0      0      0      0      0      0      0      0     
0x7f96775ac890           SHF.R.U32.HI R0, RZ, 0x3, R57                          1      0      1      8192   262144  262144  32     32     0      0      -             -      -      0      0      0      0      0      0      0      0      0      0      0      0      0      0      0      0      1      0      0      0      0      0      0      0      0      0      0      0      0      0      0      0      0      0      0      0      0      0     
0x7f96775ac8a0           VIADD R93, R15, 0x40dc                                 0      0      0      8192   262144  262144  32     32     0      0      -             -      -      0      0      0      0      0      0      0      0      0      0      0      0      0      0      0      0      0      0      0      0      0      0      0      0      0      0      0      0      0      0      0      0      0      0      0      0      0      0     
0x7f96775ac8b0           LOP3.LUT R38, R38, 0x70, R3, 0x78, !PT                 0      0      0      8192   262144  262144  32     32     0      0      -             -      -      0      0      0      0      0      0      0      0      0      0      0      0      0      0      0      0      0      0      0      0      0      0      0      0      0      0      0      0      0      0      0      0      0      0      0      0      0      0     
0x7f96775ac8c0           VIADD R42, R15, 0x90                                   0      0      0      8192   262144  262144  32     32     0      0      -             -      -      0      0      0      0      0      0      0      0      0      0      0      0      0      0      0      0      0      0      0      0      0      0      0      0      0      0      0      0      0      0      0      0      0      0      0      0      0      0     
0x7f96775ac8d0           LOP3.LUT R57, R57, 0x70, R0, 0x78, !PT                 0      0      0      8192   262144  262144  32     32     0      0      -             -      -      0      0      0      0      0      0      0      0      0      0      0      0      0      0      0      0      0      0      0      0      0      0      0      0      0      0      0      0      0      0      0      0      0      0      0      0      0      0     
0x7f96775ac8e0           VIADD R48, R15, 0xa8                                   1      0      1      8192   262144  262144  32     32     0      0      -             -      -      0      0      0      0      0      0      0      0      0      0      0      0      0      0      0      0      1      0      0      0      0      0      0      0      0      0      0      0      0      0      0      0      0      0      0      0      0      0     
0x7f96775ac8f0           SHF.R.U32.HI R0, RZ, 0x3, R59                          1      0      1      8192   262144  262144  32     32     0      0      -             -      -      0      0      0      0      0      0      0      0      0      0      0      0      0      0      0      0      1      0      0      0      0      0      0      0      0      0      0      0      0      0      0      0      0      0      0      0      0      0     
0x7f96775ac900           VIADD R95, R15, 0x40e4                                 1      1      1      8192   262144  262144  32     32     0      0      -             -      -      0      0      0      0      0      0      0      0      0      0      0      0      0      0      1      0      0      0      0      0      0      0      0      0      0      0      0      0      0      0      0      1      0      0      0      0      0      0     
0x7f96775ac910           SHF.R.U32.HI R3, RZ, 0x3, R40                          1      0      1      8192   262144  262144  32     32     0      0      -             -      -      0      0      0      0      0      0      0      0      0      0      0      0      0      0      0      0      1      0      0      0      0      0      0      0      0      0      0      0      0      0      0      0      0      0      0      0      0      0     
0x7f96775ac920           VIADD R46, R15, 0xa0                                   0      0      0      8192   262144  262144  32     32     0      0      -             -      -      0      0      0      0      0      0      0      0      0      0      0      0      0      0      0      0      0      0      0      0      0      0      0      0      0      0      0      0      0      0      0      0      0      0      0      0      0      0     
0x7f96775ac930           LOP3.LUT R59, R59, 0x70, R0, 0x78, !PT                 0      0      0      8192   262144  262144  32     32     0      0      -             -      -      0      0      0      0      0      0      0      0      0      0      0      0      0      0      0      0      0      0      0      0      0      0      0      0      0      0      0      0      0      0      0      0      0      0      0      0      0      0     
0x7f96775ac940           VIADD R52, R15, 0xb8                                   0      0      0      8192   262144  262144  32     32     0      0      -             -      -      0      0      0      0      0      0      0      0      0      0      0      0      0      0      0      0      0      0      0      0      0      0      0      0      0      0      0      0      0      0      0      0      0      0      0      0      0      0     
0x7f96775ac950           SHF.R.U32.HI R0, RZ, 0x3, R61                          1      0      1      8192   262144  262144  32     32     0      0      -             -      -      0      0      0      0      0      0      0      0      0      0      0      0      0      0      0      0      1      0      0      0      0      0      0      0      0      0      0      0      0      0      0      0      0      0      0      0      0      0     
0x7f96775ac960           VIADD R97, R15, 0x40ec                                 0      0      0      8192   262144  262144  32     32     0      0      -             -      -      0      0      0      0      0      0      0      0      0      0      0      0      0      0      0      0      0      0      0      0      0      0      0      0      0      0      0      0      0      0      0      0      0      0      0      0      0      0     
0x7f96775ac970           LOP3.LUT R40, R40, 0x70, R3, 0x78, !PT                 1      0      1      8192   262144  262144  32     32     0      0      -             -      -      0      0      0      0      0      0      0      0      0      0      0      0      0      0      0      0      1      0      0      0      0      0      0      0      0      0      0      0      0      0      0      0      0      0      0      0      0      0     
0x7f96775ac980           VIADD R50, R15, 0xb0                                   1      1      1      8192   262144  262144  32     32     0      0      -             -      -      0      0      0      0      0      0      0      0      0      0      0      0      0      0      1      0      0      0      0      0      0      0      0      0      0      0      0      0      0      0      0      1      0      0      0      0      0      0     
0x7f96775ac990           LOP3.LUT R61, R61, 0x70, R0, 0x78, !PT                 0      0      0      8192   262144  262144  32     32     0      0      -             -      -      0      0      0      0      0      0      0      0      0      0      0      0      0      0      0      0      0      0      0      0      0      0      0      0      0      0      0      0      0      0      0      0      0      0      0      0      0      0     
0x7f96775ac9a0           VIADD R56, R15, 0xc8                                   0      0      0      8192   262144  262144  32     32     0      0      -             -      -      0      0      0      0      0      0      0      0      0      0      0      0      0      0      0      0      0      0      0      0      0      0      0      0      0      0      0      0      0      0      0      0      0      0      0      0      0      0     
0x7f96775ac9b0           SHF.R.U32.HI R0, RZ, 0x3, R63                          1      0      1      8192   262144  262144  32     32     0      0      -             -      -      0      0      0      0      0      0      0      0      0      0      0      0      0      0      0      0      1      0      0      0      0      0      0      0      0      0      0      0      0      0      0      0      0      0      0      0      0      0     
0x7f96775ac9c0           VIADD R99, R15, 0x40f4                                 2      0      2      8192   262144  262144  32     32     0      0      -             -      -      0      0      0      0      0      0      0      0      0      0      0      0      0      0      0      0      2      0      0      0      0      0      0      0      0      0      0      0      0      0      0      0      0      0      0      0      0      0     
0x7f96775ac9d0           SHF.R.U32.HI R3, RZ, 0x3, R44                          1      0      1      8192   262144  262144  32     32     0      0      -             -      -      0      0      0      0      0      0      0      0      0      0      0      0      0      0      0      0      1      0      0      0      0      0      0      0      0      0      0      0      0      0      0      0      0      0      0      0      0      0     
0x7f96775ac9e0           VIADD R54, R15, 0xc0                                   0      0      0      8192   262144  262144  32     32     0      0      -             -      -      0      0      0      0      0      0      0      0      0      0      0      0      0      0      0      0      0      0      0      0      0      0      0      0      0      0      0      0      0      0      0      0      0      0      0      0      0      0     
0x7f96775ac9f0           LOP3.LUT R63, R63, 0x70, R0, 0x78, !PT                 0      0      0      8192   262144  262144  32     32     0      0      -             -      -      0      0      0      0      0      0      0      0      0      0      0      0      0      0      0      0      0      0      0      0      0      0      0      0      0      0      0      0      0      0      0      0      0      0      0      0      0      0     
0x7f96775aca00           VIADD R60, R15, 0xd8                                   0      0      0      8192   262144  262144  32     32     0      0      -             -      -      0      0      0      0      0      0      0      0      0      0      0      0      0      0      0      0      0      0      0      0      0      0      0      0      0      0      0      0      0      0      0      0      0      0      0      0      0      0     
0x7f96775aca10           SHF.R.U32.HI R0, RZ, 0x3, R65                          3      0      3      8192   262144  262144  32     32     0      0      -             -      -      0      0      0      0      0      0      0      0      0      0      0      0      0      0      0      0      3      0      0      0      0      0      0      0      0      0      0      0      0      0      0      0      0      0      0      0      0      0     
0x7f96775aca20           VIADD R101, R15, 0x40fc                                1      0      1      8192   262144  262144  32     32     0      0      -             -      -      0      0      0      0      0      0      0      0      0      0      0      0      0      0      0      0      1      0      0      0      0      0      0      0      0      0      0      0      0      0      0      0      0      0      0      0      0      0     
0x7f96775aca30           SHF.R.U32.HI R5, RZ, 0x3, R42                          1      0      1      8192   262144  262144  32     32     0      0      -             -      -      0      0      0      0      0      0      0      0      0      0      0      0      0      0      0      0      1      0      0      0      0      0      0      0      0      0      0      0      0      0      0      0      0      0      0      0      0      0     
0x7f96775aca40           VIADD R58, R15, 0xd0                                   0      0      0      8192   262144  262144  32     32     0      0      -             -      -      0      0      0      0      0      0      0      0      0      0      0      0      0      0      0      0      0      0      0      0      0      0      0      0      0      0      0      0      0      0      0      0      0      0      0      0      0      0     
0x7f96775aca50           LOP3.LUT R65, R65, 0x70, R0, 0x78, !PT                 0      0      0      8192   262144  262144  32     32     0      0      -             -      -      0      0      0      0      0      0      0      0      0      0      0      0      0      0      0      0      0      0      0      0      0      0      0      0      0      0      0      0      0      0      0      0      0      0      0      0      0      0     
0x7f96775aca60           VIADD R64, R15, 0xe8                                   0      0      0      8192   262144  262144  32     32     0      0      -             -      -      0      0      0      0      0      0      0      0      0      0      0      0      0      0      0      0      0      0      0      0      0      0      0      0      0      0      0      0      0      0      0      0      0      0      0      0      0      0     
0x7f96775aca70           SHF.R.U32.HI R0, RZ, 0x3, R67                          0      0      0      8192   262144  262144  32     32     0      0      -             -      -      0      0      0      0      0      0      0      0      0      0      0      0      0      0      0      0      0      0      0      0      0      0      0      0      0      0      0      0      0      0      0      0      0      0      0      0      0      0     
0x7f96775aca80           VIADD R103, R15, 0x8084                                1      1      1      8192   262144  262144  32     32     0      0      -             -      -      0      0      0      0      0      0      0      0      0      0      0      0      0      0      1      0      0      0      0      0      0      0      0      0      0      0      0      0      0      0      0      1      0      0      0      0      0      0     
0x7f96775aca90           LOP3.LUT R44, R44, 0x70, R3, 0x78, !PT                 0      0      0      8192   262144  262144  32     32     0      0      -             -      -      0      0      0      0      0      0      0      0      0      0      0      0      0      0      0      0      0      0      0      0      0      0      0      0      0      0      0      0      0      0      0      0      0      0      0      0      0      0     
0x7f96775acaa0           VIADD R62, R15, 0xe0                                   0      0      0      8192   262144  262144  32     32     0      0      -             -      -      0      0      0      0      0      0      0      0      0      0      0      0      0      0      0      0      0      0      0      0      0      0      0      0      0      0      0      0      0      0      0      0      0      0      0      0      0      0     
0x7f96775acab0           LOP3.LUT R67, R67, 0x70, R0, 0x78, !PT                 0      0      0      8192   262144  262144  32     32     0      0      -             -      -      0      0      0      0      0      0      0      0      0      0      0      0      0      0      0      0      0      0      0      0      0      0      0      0      0      0      0      0      0      0      0      0      0      0      0      0      0      0     
0x7f96775acac0           VIADD R68, R15, 0xf8                                   1      0      1      8192   262144  262144  32     32     0      0      -             -      -      0      0      0      0      0      0      0      0      0      0      0      0      0      0      0      0      1      0      0      0      0      0      0      0      0      0      0      0      0      0      0      0      0      0      0      0      0      0     
0x7f96775acad0           SHF.R.U32.HI R0, RZ, 0x3, R69                          1      0      1      8192   262144  262144  32     32     0      0      -             -      -      0      0      0      0      0      0      0      0      0      0      0      0      0      0      0      0      1      0      0      0      0      0      0      0      0      0      0      0      0      0      0      0      0      0      0      0      0      0     
0x7f96775acae0           VIADD R105, R15, 0x808c                                0      0      0      8192   262144  262144  32     32     0      0      -             -      -      0      0      0      0      0      0      0      0      0      0      0      0      0      0      0      0      0      0      0      0      0      0      0      0      0      0      0      0      0      0      0      0      0      0      0      0      0      0     
0x7f96775acaf0           SHF.R.U32.HI R3, RZ, 0x3, R48                          0      0      0      8192   262144  262144  32     32     0      0      -             -      -      0      0      0      0      0      0      0      0      0      0      0      0      0      0      0      0      0      0      0      0      0      0      0      0      0      0      0      0      0      0      0      0      0      0      0      0      0      0     
0x7f96775acb00           VIADD R66, R15, 0xf0                                   1      1      1      8192   262144  262144  32     32     0      0      -             -      -      0      0      0      0      0      0      0      0      0      0      0      0      0      0      1      0      0      0      0      0      0      0      0      0      0      0      0      0      0      0      0      1      0      0      0      0      0      0     
0x7f96775acb10           LOP3.LUT R69, R69, 0x70, R0, 0x78, !PT                 0      0      0      8192   262144  262144  32     32     0      0      -             -      -      0      0      0      0      0      0      0      0      0      0      0      0      0      0      0      0      0      0      0      0      0      0      0      0      0      0      0      0      0      0      0      0      0      0      0      0      0      0     
0x7f96775acb20           VIADD R72, R15, 0x4088                                 0      0      0      8192   262144  262144  32     32     0      0      -             -      -      0      0      0      0      0      0      0      0      0      0      0      0      0      0      0      0      0      0      0      0      0      0      0      0      0      0      0      0      0      0      0      0      0      0      0      0      0      0     
0x7f96775acb30           SHF.R.U32.HI R0, RZ, 0x3, R71                          1      0      1      8192   262144  262144  32     32     0      0      -             -      -      0      0      0      0      0      0      0      0      0      0      0      0      0      0      0      0      1      0      0      0      0      0      0      0      0      0      0      0      0      0      0      0      0      0      0      0      0      0     
0x7f96775acb40           VIADD R107, R15, 0x8094                                1      0      1      8192   262144  262144  32     32     0      0      -             -      -      0      0      0      0      0      0      0      0      0      0      0      0      0      0      0      0      1      0      0      0      0      0      0      0      0      0      0      0      0      0      0      0      0      0      0      0      0      0     
0x7f96775acb50           LOP3.LUT R42, R42, 0x70, R5, 0x78, !PT                 1      0      1      8192   262144  262144  32     32     0      0      -             -      -      0      0      0      0      0      0      0      0      0      0      0      0      0      0      0      0      1      0      0      0      0      0      0      0      0      0      0      0      0      0      0      0      0      0      0      0      0      0     
0x7f96775acb60           VIADD R70, R15, 0x4080                                 0      0      0      8192   262144  262144  32     32     0      0      -             -      -      0      0      0      0      0      0      0      0      0      0      0      0      0      0      0      0      0      0      0      0      0      0      0      0      0      0      0      0      0      0      0      0      0      0      0      0      0      0     
0x7f96775acb70           LOP3.LUT R71, R71, 0x70, R0, 0x78, !PT                 1      0      1      8192   262144  262144  32     32     0      0      -             -      -      0      0      0      0      0      0      0      0      0      0      0      0      0      0      0      0      1      0      0      0      0      0      0      0      0      0      0      0      0      0      0      0      0      0      0      0      0      0     
0x7f96775acb80           VIADD R76, R15, 0x4098                                 1      0      1      8192   262144  262144  32     32     0      0      -             -      -      0      0      0      0      0      0      0      0      0      0      0      0      0      0      0      0      1      0      0      0      0      0      0      0      0      0      0      0      0      0      0      0      0      0      0      0      0      0     
0x7f96775acb90           SHF.R.U32.HI R0, RZ, 0x3, R73                          0      0      0      8192   262144  262144  32     32     0      0      -             -      -      0      0      0      0      0      0      0      0      0      0      0      0      0      0      0      0      0      0      0      0      0      0      0      0      0      0      0      0      0      0      0      0      0      0      0      0      0      0     
0x7f96775acba0           VIADD R109, R15, 0x809c                                0      0      0      8192   262144  262144  32     32     0      0      -             -      -      0      0      0      0      0      0      0      0      0      0      0      0      0      0      0      0      0      0      0      0      0      0      0      0      0      0      0      0      0      0      0      0      0      0      0      0      0      0     
0x7f96775acbb0           SHF.R.U32.HI R5, RZ, 0x3, R46                          0      0      0      8192   262144  262144  32     32     0      0      -             -      -      0      0      0      0      0      0      0      0      0      0      0      0      0      0      0      0      0      0      0      0      0      0      0      0      0      0      0      0      0      0      0      0      0      0      0      0      0      0     
0x7f96775acbc0           VIADD R74, R15, 0x4090                                 1      0      1      8192   262144  262144  32     32     0      0      -             -      -      0      0      0      0      0      0      0      0      0      0      0      0      0      0      0      0      1      0      0      0      0      0      0      0      0      0      0      0      0      0      0      0      0      0      0      0      0      0     
0x7f96775acbd0           LOP3.LUT R73, R73, 0x70, R0, 0x78, !PT                 2      0      2      8192   262144  262144  32     32     0      0      -             -      -      0      0      0      0      0      0      0      0      0      0      0      0      0      0      0      0      2      0      0      0      0      0      0      0      0      0      0      0      0      0      0      0      0      0      0      0      0      0     
0x7f96775acbe0           VIADD R80, R15, 0x40a8                                 0      0      0      8192   262144  262144  32     32     0      0      -             -      -      0      0      0      0      0      0      0      0      0      0      0      0      0      0      0      0      0      0      0      0      0      0      0      0      0      0      0      0      0      0      0      0      0      0      0      0      0      0     
0x7f96775acbf0           SHF.R.U32.HI R0, RZ, 0x3, R75                          0      0      0      8192   262144  262144  32     32     0      0      -             -      -      0      0      0      0      0      0      0      0      0      0      0      0      0      0      0      0      0      0      0      0      0      0      0      0      0      0      0      0      0      0      0      0      0      0      0      0      0      0     
0x7f96775acc00           VIADD R111, R15, 0x80a4                                2      2      2      8192   262144  262144  32     32     0      0      -             -      -      0      0      0      0      0      0      0      0      0      0      0      0      0      0      2      0      0      0      0      0      0      0      0      0      0      0      0      0      0      0      0      2      0      0      0      0      0      0     
0x7f96775acc10           LOP3.LUT R48, R48, 0x70, R3, 0x78, !PT                 0      0      0      8192   262144  262144  32     32     0      0      -             -      -      0      0      0      0      0      0      0      0      0      0      0      0      0      0      0      0      0      0      0      0      0      0      0      0      0      0      0      0      0      0      0      0      0      0      0      0      0      0     
0x7f96775acc20           VIADD R78, R15, 0x40a0                                 0      0      0      8192   262144  262144  32     32     0      0      -             -      -      0      0      0      0      0      0      0      0      0      0      0      0      0      0      0      0      0      0      0      0      0      0      0      0      0      0      0      0      0      0      0      0      0      0      0      0      0      0     
0x7f96775acc30           LOP3.LUT R75, R75, 0x70, R0, 0x78, !PT                 0      0      0      8192   262144  262144  32     32     0      0      -             -      -      0      0      0      0      0      0      0      0      0      0      0      0      0      0      0      0      0      0      0      0      0      0      0      0      0      0      0      0      0      0      0      0      0      0      0      0      0      0     
0x7f96775acc40           VIADD R84, R15, 0x40b8                                 0      0      0      8192   262144  262144  32     32     0      0      -             -      -      0      0      0      0      0      0      0      0      0      0      0      0      0      0      0      0      0      0      0      0      0      0      0      0      0      0      0      0      0      0      0      0      0      0      0      0      0      0     
0x7f96775acc50           SHF.R.U32.HI R0, RZ, 0x3, R77                          1      0      1      8192   262144  262144  32     32     0      0      -             -      -      0      0      0      0      0      0      0      0      0      0      0      0      0      0      0      0      1      0      0      0      0      0      0      0      0      0      0      0      0      0      0      0      0      0      0      0      0      0     
0x7f96775acc60           VIADD R113, R15, 0x80ac                                0      0      0      8192   262144  262144  32     32     0      0      -             -      -      0      0      0      0      0      0      0      0      0      0      0      0      0      0      0      0      0      0      0      0      0      0      0      0      0      0      0      0      0      0      0      0      0      0      0      0      0      0     
0x7f96775acc70           SHF.R.U32.HI R3, RZ, 0x3, R52                          1      0      1      8192   262144  262144  32     32     0      0      -             -      -      0      0      0      0      0      0      0      0      0      0      0      0      0      0      0      0      1      0      0      0      0      0      0      0      0      0      0      0      0      0      0      0      0      0      0      0      0      0     
0x7f96775acc80           VIADD R82, R15, 0x40b0                                 0      0      0      8192   262144  262144  32     32     0      0      -             -      -      0      0      0      0      0      0      0      0      0      0      0      0      0      0      0      0      0      0      0      0      0      0      0      0      0      0      0      0      0      0      0      0      0      0      0      0      0      0     
0x7f96775acc90           LOP3.LUT R77, R77, 0x70, R0, 0x78, !PT                 0      0      0      8192   262144  262144  32     32     0      0      -             -      -      0      0      0      0      0      0      0      0      0      0      0      0      0      0      0      0      0      0      0      0      0      0      0      0      0      0      0      0      0      0      0      0      0      0      0      0      0      0     
0x7f96775acca0           VIADD R88, R15, 0x40c8                                 1      0      1      8192   262144  262144  32     32     0      0      -             -      -      0      0      0      0      0      0      0      0      0      0      0      0      0      0      0      0      1      0      0      0      0      0      0      0      0      0      0      0      0      0      0      0      0      0      0      0      0      0     
0x7f96775accb0           SHF.R.U32.HI R0, RZ, 0x3, R79                          0      0      0      8192   262144  262144  32     32     0      0      -             -      -      0      0      0      0      0      0      0      0      0      0      0      0      0      0      0      0      0      0      0      0      0      0      0      0      0      0      0      0      0      0      0      0      0      0      0      0      0      0     
0x7f96775accc0           VIADD R115, R15, 0x80b4                                1      0      1      8192   262144  262144  32     32     0      0      -             -      -      0      0      0      0      0      0      0      0      0      0      0      0      0      0      0      0      1      0      0      0      0      0      0      0      0      0      0      0      0      0      0      0      0      0      0      0      0      0     
0x7f96775accd0           LOP3.LUT R46, R46, 0x70, R5, 0x78, !PT                 0      0      0      8192   262144  262144  32     32     0      0      -             -      -      0      0      0      0      0      0      0      0      0      0      0      0      0      0      0      0      0      0      0      0      0      0      0      0      0      0      0      0      0      0      0      0      0      0      0      0      0      0     
0x7f96775acce0           VIADD R86, R15, 0x40c0                                 0      0      0      8192   262144  262144  32     32     0      0      -             -      -      0      0      0      0      0      0      0      0      0      0      0      0      0      0      0      0      0      0      0      0      0      0      0      0      0      0      0      0      0      0      0      0      0      0      0      0      0      0     
0x7f96775accf0           LOP3.LUT R79, R79, 0x70, R0, 0x78, !PT                 1      0      1      8192   262144  262144  32     32     0      0      -             -      -      0      0      0      0      0      0      0      0      0      0      0      0      0      0      0      0      1      0      0      0      0      0      0      0      0      0      0      0      0      0      0      0      0      0      0      0      0      0     
0x7f96775acd00           VIADD R92, R15, 0x40d8                                 1      0      1      8192   262144  262144  32     32     0      0      -             -      -      0      0      0      0      0      0      0      0      0      0      0      0      0      0      0      0      1      0      0      0      0      0      0      0      0      0      0      0      0      0      0      0      0      0      0      0      0      0     
0x7f96775acd10           SHF.R.U32.HI R0, RZ, 0x3, R81                          0      0      0      8192   262144  262144  32     32     0      0      -             -      -      0      0      0      0      0      0      0      0      0      0      0      0      0      0      0      0      0      0      0      0      0      0      0      0      0      0      0      0      0      0      0      0      0      0      0      0      0      0     
0x7f96775acd20           VIADD R117, R15, 0x80bc                                0      0      0      8192   262144  262144  32     32     0      0      -             -      -      0      0      0      0      0      0      0      0      0      0      0      0      0      0      0      0      0      0      0      0      0      0      0      0      0      0      0      0      0      0      0      0      0      0      0      0      0      0     
0x7f96775acd30           SHF.R.U32.HI R5, RZ, 0x3, R50                          0      0      0      8192   262144  262144  32     32     0      0      -             -      -      0      0      0      0      0      0      0      0      0      0      0      0      0      0      0      0      0      0      0      0      0      0      0      0      0      0      0      0      0      0      0      0      0      0      0      0      0      0     
0x7f96775acd40           VIADD R90, R15, 0x40d0                                 0      0      0      8192   262144  262144  32     32     0      0      -             -      -      0      0      0      0      0      0      0      0      0      0      0      0      0      0      0      0      0      0      0      0      0      0      0      0      0      0      0      0      0      0      0      0      0      0      0      0      0      0     
0x7f96775acd50           LOP3.LUT R81, R81, 0x70, R0, 0x78, !PT                 1      0      1      8192   262144  262144  32     32     0      0      -             -      -      0      0      0      0      0      0      0      0      0      0      0      0      0      0      0      0      1      0      0      0      0      0      0      0      0      0      0      0      0      0      0      0      0      0      0      0      0      0     
0x7f96775acd60           VIADD R96, R15, 0x40e8                                 1      0      1      8192   262144  262144  32     32     0      0      -             -      -      0      0      0      0      0      0      0      0      0      0      0      0      0      0      0      0      1      0      0      0      0      0      0      0      0      0      0      0      0      0      0      0      0      0      0      0      0      0     
0x7f96775acd70           SHF.R.U32.HI R0, RZ, 0x3, R83                          0      0      0      8192   262144  262144  32     32     0      0      -             -      -      0      0      0      0      0      0      0      0      0      0      0      0      0      0      0      0      0      0      0      0      0      0      0      0      0      0      0      0      0      0      0      0      0      0      0      0      0      0     
0x7f96775acd80           VIADD R119, R15, 0x80c4                                1      1      1      8192   262144  262144  32     32     0      0      -             -      -      0      0      0      0      0      0      0      0      0      0      0      0      0      0      1      0      0      0      0      0      0      0      0      0      0      0      0      0      0      0      0      1      0      0      0      0      0      0     
0x7f96775acd90           LOP3.LUT R52, R52, 0x70, R3, 0x78, !PT                 0      0      0      8192   262144  262144  32     32     0      0      -             -      -      0      0      0      0      0      0      0      0      0      0      0      0      0      0      0      0      0      0      0      0      0      0      0      0      0      0      0      0      0      0      0      0      0      0      0      0      0      0     
0x7f96775acda0           VIADD R94, R15, 0x40e0                                 1      0      1      8192   262144  262144  32     32     0      0      -             -      -      0      0      0      0      0      0      0      0      0      0      0      0      0      0      0      0      1      0      0      0      0      0      0      0      0      0      0      0      0      0      0      0      0      0      0      0      0      0     
0x7f96775acdb0           LOP3.LUT R83, R83, 0x70, R0, 0x78, !PT                 1      0      1      8192   262144  262144  32     32     0      0      -             -      -      0      0      0      0      0      0      0      0      0      0      0      0      0      0      0      0      1      0      0      0      0      0      0      0      0      0      0      0      0      0      0      0      0      0      0      0      0      0     
0x7f96775acdc0           VIADD R100, R15, 0x40f8                                0      0      0      8192   262144  262144  32     32     0      0      -             -      -      0      0      0      0      0      0      0      0      0      0      0      0      0      0      0      0      0      0      0      0      0      0      0      0      0      0      0      0      0      0      0      0      0      0      0      0      0      0     
0x7f96775acdd0           SHF.R.U32.HI R0, RZ, 0x3, R85                          0      0      0      8192   262144  262144  32     32     0      0      -             -      -      0      0      0      0      0      0      0      0      0      0      0      0      0      0      0      0      0      0      0      0      0      0      0      0      0      0      0      0      0      0      0      0      0      0      0      0      0      0     
0x7f96775acde0           VIADD R121, R15, 0x80cc                                1      0      1      8192   262144  262144  32     32     0      0      -             -      -      0      0      0      0      0      0      0      0      0      0      0      0      0      0      0      0      1      0      0      0      0      0      0      0      0      0      0      0      0      0      0      0      0      0      0      0      0      0     
0x7f96775acdf0           SHF.R.U32.HI R3, RZ, 0x3, R56                          0      0      0      8192   262144  262144  32     32     0      0      -             -      -      0      0      0      0      0      0      0      0      0      0      0      0      0      0      0      0      0      0      0      0      0      0      0      0      0      0      0      0      0      0      0      0      0      0      0      0      0      0     
0x7f96775ace00           VIADD R98, R15, 0x40f0                                 0      0      0      8192   262144  262144  32     32     0      0      -             -      -      0      0      0      0      0      0      0      0      0      0      0      0      0      0      0      0      0      0      0      0      0      0      0      0      0      0      0      0      0      0      0      0      0      0      0      0      0      0     
0x7f96775ace10           LOP3.LUT R85, R85, 0x70, R0, 0x78, !PT                 0      0      0      8192   262144  262144  32     32     0      0      -             -      -      0      0      0      0      0      0      0      0      0      0      0      0      0      0      0      0      0      0      0      0      0      0      0      0      0      0      0      0      0      0      0      0      0      0      0      0      0      0     
0x7f96775ace20           VIADD R104, R15, 0x8088                                1      0      1      8192   262144  262144  32     32     0      0      -             -      -      0      0      0      0      0      0      0      0      0      0      0      0      0      0      0      0      1      0      0      0      0      0      0      0      0      0      0      0      0      0      0      0      0      0      0      0      0      0     
0x7f96775ace30           SHF.R.U32.HI R0, RZ, 0x3, R87                          1      0      1      8192   262144  262144  32     32     0      0      -             -      -      0      0      0      0      0      0      0      0      0      0      0      0      0      0      0      0      1      0      0      0      0      0      0      0      0      0      0      0      0      0      0      0      0      0      0      0      0      0     
0x7f96775ace40           VIADD R123, R15, 0x80d4                                1      0      1      8192   262144  262144  32     32     0      0      -             -      -      0      0      0      0      0      0      0      0      0      0      0      0      0      0      0      0      1      0      0      0      0      0      0      0      0      0      0      0      0      0      0      0      0      0      0      0      0      0     
0x7f96775ace50           LOP3.LUT R50, R50, 0x70, R5, 0x78, !PT                 0      0      0      8192   262144  262144  32     32     0      0      -             -      -      0      0      0      0      0      0      0      0      0      0      0      0      0      0      0      0      0      0      0      0      0      0      0      0      0      0      0      0      0      0      0      0      0      0      0      0      0      0     
0x7f96775ace60           VIADD R102, R15, 0x8080                                0      0      0      8192   262144  262144  32     32     0      0      -             -      -      0      0      0      0      0      0      0      0      0      0      0      0      0      0      0      0      0      0      0      0      0      0      0      0      0      0      0      0      0      0      0      0      0      0      0      0      0      0     
0x7f96775ace70           LOP3.LUT R87, R87, 0x70, R0, 0x78, !PT                 0      0      0      8192   262144  262144  32     32     0      0      -             -      -      0      0      0      0      0      0      0      0      0      0      0      0      0      0      0      0      0      0      0      0      0      0      0      0      0      0      0      0      0      0      0      0      0      0      0      0      0      0     
0x7f96775ace80           VIADD R108, R15, 0x8098                                0      0      0      8192   262144  262144  32     32     0      0      -             -      -      0      0      0      0      0      0      0      0      0      0      0      0      0      0      0      0      0      0      0      0      0      0      0      0      0      0      0      0      0      0      0      0      0      0      0      0      0      0     
0x7f96775ace90           SHF.R.U32.HI R0, RZ, 0x3, R89                          1      0      1      8192   262144  262144  32     32     0      0      -             -      -      0      0      0      0      0      0      0      0      0      0      0      0      0      0      0      0      1      0      0      0      0      0      0      0      0      0      0      0      0      0      0      0      0      0      0      0      0      0     
0x7f96775acea0           VIADD R125, R15, 0x80dc                                0      0      0      8192   262144  262144  32     32     0      0      -             -      -      0      0      0      0      0      0      0      0      0      0      0      0      0      0      0      0      0      0      0      0      0      0      0      0      0      0      0      0      0      0      0      0      0      0      0      0      0      0     
0x7f96775aceb0           SHF.R.U32.HI R5, RZ, 0x3, R54                          0      0      0      8192   262144  262144  32     32     0      0      -             -      -      0      0      0      0      0      0      0      0      0      0      0      0      0      0      0      0      0      0      0      0      0      0      0      0      0      0      0      0      0      0      0      0      0      0      0      0      0      0     
0x7f96775acec0           VIADD R106, R15, 0x8090                                0      0      0      8192   262144  262144  32     32     0      0      -             -      -      0      0      0      0      0      0      0      0      0      0      0      0      0      0      0      0      0      0      0      0      0      0      0      0      0      0      0      0      0      0      0      0      0      0      0      0      0      0     
0x7f96775aced0           LOP3.LUT R89, R89, 0x70, R0, 0x78, !PT                 0      0      0      8192   262144  262144  32     32     0      0      -             -      -      0      0      0      0      0      0      0      0      0      0      0      0      0      0      0      0      0      0      0      0      0      0      0      0      0      0      0      0      0      0      0      0      0      0      0      0      0      0     
0x7f96775acee0           VIADD R112, R15, 0x80a8                                0      0      0      8192   262144  262144  32     32     0      0      -             -      -      0      0      0      0      0      0      0      0      0      0      0      0      0      0      0      0      0      0      0      0      0      0      0      0      0      0      0      0      0      0      0      0      0      0      0      0      0      0     
0x7f96775acef0           SHF.R.U32.HI R0, RZ, 0x3, R91                          0      0      0      8192   262144  262144  32     32     0      0      -             -      -      0      0      0      0      0      0      0      0      0      0      0      0      0      0      0      0      0      0      0      0      0      0      0      0      0      0      0      0      0      0      0      0      0      0      0      0      0      0     
0x7f96775acf00           VIADD R127, R15, 0x80e4                                2      2      2      8192   262144  262144  32     32     0      0      -             -      -      0      0      0      0      0      0      0      0      0      0      0      0      0      0      2      0      0      0      0      0      0      0      0      0      0      0      0      0      0      0      0      2      0      0      0      0      0      0     
0x7f96775acf10           LOP3.LUT R56, R56, 0x70, R3, 0x78, !PT                 1      0      1      8192   262144  262144  32     32     0      0      -             -      -      0      0      0      0      0      0      0      0      0      0      0      0      0      0      0      0      1      0      0      0      0      0      0      0      0      0      0      0      0      0      0      0      0      0      0      0      0      0     
0x7f96775acf20           VIADD R110, R15, 0x80a0                                0      0      0      8192   262144  262144  32     32     0      0      -             -      -      0      0      0      0      0      0      0      0      0      0      0      0      0      0      0      0      0      0      0      0      0      0      0      0      0      0      0      0      0      0      0      0      0      0      0      0      0      0     
0x7f96775acf30           LOP3.LUT R91, R91, 0x70, R0, 0x78, !PT                 1      0      1      8192   262144  262144  32     32     0      0      -             -      -      0      0      0      0      0      0      0      0      0      0      0      0      0      0      0      0      1      0      0      0      0      0      0      0      0      0      0      0      0      0      0      0      0      0      0      0      0      0     
0x7f96775acf40           VIADD R116, R15, 0x80b8                                1      0      1      8192   262144  262144  32     32     0      0      -             -      -      0      0      0      0      0      0      0      0      0      0      0      0      0      0      0      0      1      0      0      0      0      0      0      0      0      0      0      0      0      0      0      0      0      0      0      0      0      0     
0x7f96775acf50           SHF.R.U32.HI R0, RZ, 0x3, R93                          0      0      0      8192   262144  262144  32     32     0      0      -             -      -      0      0      0      0      0      0      0      0      0      0      0      0      0      0      0      0      0      0      0      0      0      0      0      0      0      0      0      0      0      0      0      0      0      0      0      0      0      0     
0x7f96775acf60           VIADD R129, R15, 0x80ec                                1      0      1      8192   262144  262144  32     32     0      0      -             -      -      0      0      0      0      0      0      0      0      0      0      0      0      0      0      0      0      1      0      0      0      0      0      0      0      0      0      0      0      0      0      0      0      0      0      0      0      0      0     
0x7f96775acf70           SHF.R.U32.HI R3, RZ, 0x3, R60                          0      0      0      8192   262144  262144  32     32     0      0      -             -      -      0      0      0      0      0      0      0      0      0      0      0      0      0      0      0      0      0      0      0      0      0      0      0      0      0      0      0      0      0      0      0      0      0      0      0      0      0      0     
0x7f96775acf80           VIADD R114, R15, 0x80b0                                1      0      1      8192   262144  262144  32     32     0      0      -             -      -      0      0      0      0      0      0      0      0      0      0      0      0      0      0      0      0      1      0      0      0      0      0      0      0      0      0      0      0      0      0      0      0      0      0      0      0      0      0     
0x7f96775acf90           LOP3.LUT R93, R93, 0x70, R0, 0x78, !PT                 1      0      1      8192   262144  262144  32     32     0      0      -             -      -      0      0      0      0      0      0      0      0      0      0      0      0      0      0      0      0      1      0      0      0      0      0      0      0      0      0      0      0      0      0      0      0      0      0      0      0      0      0     
0x7f96775acfa0           VIADD R120, R15, 0x80c8                                0      0      0      8192   262144  262144  32     32     0      0      -             -      -      0      0      0      0      0      0      0      0      0      0      0      0      0      0      0      0      0      0      0      0      0      0      0      0      0      0      0      0      0      0      0      0      0      0      0      0      0      0     
0x7f96775acfb0           SHF.R.U32.HI R0, RZ, 0x3, R95                          0      0      0      8192   262144  262144  32     32     0      0      -             -      -      0      0      0      0      0      0      0      0      0      0      0      0      0      0      0      0      0      0      0      0      0      0      0      0      0      0      0      0      0      0      0      0      0      0      0      0      0      0     
0x7f96775acfc0           VIADD R131, R15, 0x80f4                                0      0      0      8192   262144  262144  32     32     0      0      -             -      -      0      0      0      0      0      0      0      0      0      0      0      0      0      0      0      0      0      0      0      0      0      0      0      0      0      0      0      0      0      0      0      0      0      0      0      0      0      0     
0x7f96775acfd0           LOP3.LUT R54, R54, 0x70, R5, 0x78, !PT                 1      0      1      8192   262144  262144  32     32     0      0      -             -      -      0      0      0      0      0      0      0      0      0      0      0      0      0      0      0      0      1      0      0      0      0      0      0      0      0      0      0      0      0      0      0      0      0      0      0      0      0      0     
0x7f96775acfe0           VIADD R118, R15, 0x80c0                                1      0      1      8192   262144  262144  32     32     0      0      -             -      -      0      0      0      0      0      0      0      0      0      0      0      0      0      0      0      0      1      0      0      0      0      0      0      0      0      0      0      0      0      0      0      0      0      0      0      0      0      0     
0x7f96775acff0           LOP3.LUT R95, R95, 0x70, R0, 0x78, !PT                 2      0      2      8192   262144  262144  32     32     0      0      -             -      -      0      0      0      0      0      0      0      0      0      0      0      0      0      0      0      0      2      0      0      0      0      0      0      0      0      0      0      0      0      0      0      0      0      0      0      0      0      0     
0x7f96775ad000           VIADD R124, R15, 0x80d8                                0      0      0      8192   262144  262144  32     32     0      0      -             -      -      0      0      0      0      0      0      0      0      0      0      0      0      0      0      0      0      0      0      0      0      0      0      0      0      0      0      0      0      0      0      0      0      0      0      0      0      0      0     
0x7f96775ad010           SHF.R.U32.HI R0, RZ, 0x3, R97                          0      0      0      8192   262144  262144  32     32     0      0      -             -      -      0      0      0      0      0      0      0      0      0      0      0      0      0      0      0      0      0      0      0      0      0      0      0      0      0      0      0      0      0      0      0      0      0      0      0      0      0      0     
0x7f96775ad020           VIADD R143, R15, 0x80f8                                0      0      0      8192   262144  262144  32     32     0      0      -             -      -      0      0      0      0      0      0      0      0      0      0      0      0      0      0      0      0      0      0      0      0      0      0      0      0      0      0      0      0      0      0      0      0      0      0      0      0      0      0     
0x7f96775ad030           SHF.R.U32.HI R5, RZ, 0x3, R58                          2      0      2      8192   262144  262144  32     32     0      0      -             -      -      0      0      0      0      0      0      0      0      0      0      0      0      0      0      0      0      2      0      0      0      0      0      0      0      0      0      0      0      0      0      0      0      0      0      0      0      0      0     
0x7f96775ad040           VIADD R122, R15, 0x80d0                                1      0      1      8192   262144  262144  32     32     0      0      -             -      -      0      0      0      0      0      0      0      0      0      0      0      0      0      0      0      0      1      0      0      0      0      0      0      0      0      0      0      0      0      0      0      0      0      0      0      0      0      0     
0x7f96775ad050           LOP3.LUT R97, R97, 0x70, R0, 0x78, !PT                 2      0      2      8192   262144  262144  32     32     0      0      -             -      -      0      0      0      0      0      0      0      0      0      0      0      0      0      0      0      0      2      0      0      0      0      0      0      0      0      0      0      0      0      0      0      0      0      0      0      0      0      0     
0x7f96775ad060           VIADD R128, R15, 0x80e8                                0      0      0      8192   262144  262144  32     32     0      0      -             -      -      0      0      0      0      0      0      0      0      0      0      0      0      0      0      0      0      0      0      0      0      0      0      0      0      0      0      0      0      0      0      0      0      0      0      0      0      0      0     
0x7f96775ad070           SHF.R.U32.HI R0, RZ, 0x3, R99                          0      0      0      8192   262144  262144  32     32     0      0      -             -      -      0      0      0      0      0      0      0      0      0      0      0      0      0      0      0      0      0      0      0      0      0      0      0      0      0      0      0      0      0      0      0      0      0      0      0      0      0      0     
0x7f96775ad080           VIADD R147, R15, 0xc088                                0      0      0      8192   262144  262144  32     32     0      0      -             -      -      0      0      0      0      0      0      0      0      0      0      0      0      0      0      0      0      0      0      0      0      0      0      0      0      0      0      0      0      0      0      0      0      0      0      0      0      0      0     
0x7f96775ad090           LOP3.LUT R60, R60, 0x70, R3, 0x78, !PT                 0      0      0      8192   262144  262144  32     32     0      0      -             -      -      0      0      0      0      0      0      0      0      0      0      0      0      0      0      0      0      0      0      0      0      0      0      0      0      0      0      0      0      0      0      0      0      0      0      0      0      0      0     
0x7f96775ad0a0           VIADD R126, R15, 0x80e0                                0      0      0      8192   262144  262144  32     32     0      0      -             -      -      0      0      0      0      0      0      0      0      0      0      0      0      0      0      0      0      0      0      0      0      0      0      0      0      0      0      0      0      0      0      0      0      0      0      0      0      0      0     
0x7f96775ad0b0           LOP3.LUT R99, R99, 0x70, R0, 0x78, !PT                 2      0      2      8192   262144  262144  32     32     0      0      -             -      -      0      0      0      0      0      0      0      0      0      0      0      0      0      0      0      0      2      0      0      0      0      0      0      0      0      0      0      0      0      0      0      0      0      0      0      0      0      0     
0x7f96775ad0c0           VIADD R144, R15, 0x80fc                                0      0      0      8192   262144  262144  32     32     0      0      -             -      -      0      0      0      0      0      0      0      0      0      0      0      0      0      0      0      0      0      0      0      0      0      0      0      0      0      0      0      0      0      0      0      0      0      0      0      0      0      0     
0x7f96775ad0d0           SHF.R.U32.HI R0, RZ, 0x3, R101                         1      0      1      8192   262144  262144  32     32     0      0      -             -      -      0      0      0      0      0      0      0      0      0      0      0      0      0      0      0      0      1      0      0      0      0      0      0      0      0      0      0      0      0      0      0      0      0      0      0      0      0      0     
0x7f96775ad0e0           VIADD R141, R15, 0xc094                                2      0      2      8192   262144  262144  32     32     0      0      -             -      -      0      0      0      0      0      0      0      0      0      0      0      0      0      0      0      0      2      0      0      0      0      0      0      0      0      0      0      0      0      0      0      0      0      0      0      0      0      0     
0x7f96775ad0f0           SHF.R.U32.HI R3, RZ, 0x3, R64                          0      0      0      8192   262144  262144  32     32     0      0      -             -      -      0      0      0      0      0      0      0      0      0      0      0      0      0      0      0      0      0      0      0      0      0      0      0      0      0      0      0      0      0      0      0      0      0      0      0      0      0      0     
0x7f96775ad100           VIADD R130, R15, 0x80f0                                2      2      2      8192   262144  262144  32     32     0      0      -             -      -      0      0      0      0      0      0      0      0      0      0      0      0      0      0      2      0      0      0      0      0      0      0      0      0      0      0      0      0      0      0      0      2      0      0      0      0      0      0     
0x7f96775ad110           LOP3.LUT R101, R101, 0x70, R0, 0x78, !PT               0      0      0      8192   262144  262144  32     32     0      0      -             -      -      0      0      0      0      0      0      0      0      0      0      0      0      0      0      0      0      0      0      0      0      0      0      0      0      0      0      0      0      0      0      0      0      0      0      0      0      0      0     
0x7f96775ad120           VIADD R146, R15, 0xc084                                0      0      0      8192   262144  262144  32     32     0      0      -             -      -      0      0      0      0      0      0      0      0      0      0      0      0      0      0      0      0      0      0      0      0      0      0      0      0      0      0      0      0      0      0      0      0      0      0      0      0      0      0     
0x7f96775ad130           LOP3.LUT R58, R58, 0x70, R5, 0x78, !PT                 1      0      1      8192   262144  262144  32     32     0      0      -             -      -      0      0      0      0      0      0      0      0      0      0      0      0      0      0      0      0      1      0      0      0      0      0      0      0      0      0      0      0      0      0      0      0      0      0      0      0      0      0     
0x7f96775ad140           VIADD R139, R15, 0xc09c                                0      0      0      8192   262144  262144  32     32     0      0      -             -      -      0      0      0      0      0      0      0      0      0      0      0      0      0      0      0      0      0      0      0      0      0      0      0      0      0      0      0      0      0      0      0      0      0      0      0      0      0      0     
0x7f96775ad150           SHF.R.U32.HI R0, RZ, 0x3, R103                         0      0      0      8192   262144  262144  32     32     0      0      -             -      -      0      0      0      0      0      0      0      0      0      0      0      0      0      0      0      0      0      0      0      0      0      0      0      0      0      0      0      0      0      0      0      0      0      0      0      0      0      0     
0x7f96775ad160           VIADD R142, R15, 0xc090                                0      0      0      8192   262144  262144  32     32     0      0      -             -      -      0      0      0      0      0      0      0      0      0      0      0      0      0      0      0      0      0      0      0      0      0      0      0      0      0      0      0      0      0      0      0      0      0      0      0      0      0      0     
0x7f96775ad170           SHF.R.U32.HI R5, RZ, 0x3, R62                          1      0      1      8192   262144  262144  32     32     0      0      -             -      -      0      0      0      0      0      0      0      0      0      0      0      0      0      0      0      0      1      0      0      0      0      0      0      0      0      0      0      0      0      0      0      0      0      0      0      0      0      0     
0x7f96775ad180           VIADD R148, R15, 0xc08c                                0      0      0      8192   262144  262144  32     32     0      0      -             -      -      0      0      0      0      0      0      0      0      0      0      0      0      0      0      0      0      0      0      0      0      0      0      0      0      0      0      0      0      0      0      0      0      0      0      0      0      0      0     
0x7f96775ad190           LOP3.LUT R64, R64, 0x70, R3, 0x78, !PT                 0      0      0      8192   262144  262144  32     32     0      0      -             -      -      0      0      0      0      0      0      0      0      0      0      0      0      0      0      0      0      0      0      0      0      0      0      0      0      0      0      0      0      0      0      0      0      0      0      0      0      0      0     
0x7f96775ad1a0           VIADD R137, R15, 0xc0a4                                2      0      2      8192   262144  262144  32     32     0      0      -             -      -      0      0      0      0      0      0      0      0      0      0      0      0      0      0      0      0      2      0      0      0      0      0      0      0      0      0      0      0      0      0      0      0      0      0      0      0      0      0     
0x7f96775ad1b0           SHF.R.U32.HI R3, RZ, 0x3, R68                          0      0      0      8192   262144  262144  32     32     0      0      -             -      -      0      0      0      0      0      0      0      0      0      0      0      0      0      0      0      0      0      0      0      0      0      0      0      0      0      0      0      0      0      0      0      0      0      0      0      0      0      0     
0x7f96775ad1c0           VIADD R145, R15, 0xc080                                0      0      0      8192   262144  262144  32     32     0      0      -             -      -      0      0      0      0      0      0      0      0      0      0      0      0      0      0      0      0      0      0      0      0      0      0      0      0      0      0      0      0      0      0      0      0      0      0      0      0      0      0     
0x7f96775ad1d0           LOP3.LUT R103, R103, 0x70, R0, 0x78, !PT               1      0      1      8192   262144  262144  32     32     0      0      -             -      -      0      0      0      0      0      0      0      0      0      0      0      0      0      0      0      0      1      0      0      0      0      0      0      0      0      0      0      0      0      0      0      0      0      0      0      0      0      0     
0x7f96775ad1e0           VIADD R138, R15, 0xc0a0                                0      0      0      8192   262144  262144  32     32     0      0      -             -      -      0      0      0      0      0      0      0      0      0      0      0      0      0      0      0      0      0      0      0      0      0      0      0      0      0      0      0      0      0      0      0      0      0      0      0      0      0      0     
0x7f96775ad1f0           LOP3.LUT R62, R62, 0x70, R5, 0x78, !PT                 1      0      1      8192   262144  262144  32     32     0      0      -             -      -      0      0      0      0      0      0      0      0      0      0      0      0      0      0      0      0      1      0      0      0      0      0      0      0      0      0      0      0      0      0      0      0      0      0      0      0      0      0     
0x7f96775ad200           VIADD R140, R15, 0xc098                                1      0      1      8192   262144  262144  32     32     0      0      -             -      -      0      0      0      0      0      0      0      0      0      0      0      0      0      0      0      0      1      0      0      0      0      0      0      0      0      0      0      0      0      0      0      0      0      0      0      0      0      0     
0x7f96775ad210           SHF.R.U32.HI R0, RZ, 0x3, R105                         2      0      2      8192   262144  262144  32     32     0      0      -             -      -      0      0      0      0      0      0      0      0      0      0      0      0      0      0      0      0      2      0      0      0      0      0      0      0      0      0      0      0      0      0      0      0      0      0      0      0      0      0     
0x7f96775ad220           VIADD R135, R15, 0xc0ac                                0      0      0      8192   262144  262144  32     32     0      0      -             -      -      0      0      0      0      0      0      0      0      0      0      0      0      0      0      0      0      0      0      0      0      0      0      0      0      0      0      0      0      0      0      0      0      0      0      0      0      0      0     
0x7f96775ad230           SHF.R.U32.HI R5, RZ, 0x3, R66                          1      0      1      8192   262144  262144  32     32     0      0      -             -      -      0      0      0      0      0      0      0      0      0      0      0      0      0      0      0      0      1      0      0      0      0      0      0      0      0      0      0      0      0      0      0      0      0      0      0      0      0      0     
0x7f96775ad240           VIADD R134, R15, 0xc0b0                                1      0      1      8192   262144  262144  32     32     0      0      -             -      -      0      0      0      0      0      0      0      0      0      0      0      0      0      0      0      0      1      0      0      0      0      0      0      0      0      0      0      0      0      0      0      0      0      0      0      0      0      0     
0x7f96775ad250           LOP3.LUT R68, R68, 0x70, R3, 0x78, !PT                 0      0      0      8192   262144  262144  32     32     0      0      -             -      -      0      0      0      0      0      0      0      0      0      0      0      0      0      0      0      0      0      0      0      0      0      0      0      0      0      0      0      0      0      0      0      0      0      0      0      0      0      0     
0x7f96775ad260           VIADD R136, R15, 0xc0a8                                0      0      0      8192   262144  262144  32     32     0      0      -             -      -      0      0      0      0      0      0      0      0      0      0      0      0      0      0      0      0      0      0      0      0      0      0      0      0      0      0      0      0      0      0      0      0      0      0      0      0      0      0     
0x7f96775ad270           SHF.R.U32.HI R3, RZ, 0x3, R72                          0      0      0      8192   262144  262144  32     32     0      0      -             -      -      0      0      0      0      0      0      0      0      0      0      0      0      0      0      0      0      0      0      0      0      0      0      0      0      0      0      0      0      0      0      0      0      0      0      0      0      0      0     
0x7f96775ad280           VIADD R133, R15, 0xc0b4                                1      1      1      8192   262144  262144  32     32     0      0      -             -      -      0      0      0      0      0      0      0      0      0      0      0      0      0      0      1      0      0      0      0      0      0      0      0      0      0      0      0      0      0      0      0      1      0      0      0      0      0      0     
0x7f96775ad290           LOP3.LUT R105, R105, 0x70, R0, 0x78, !PT               0      0      0      8192   262144  262144  32     32     0      0      -             -      -      0      0      0      0      0      0      0      0      0      0      0      0      0      0      0      0      0      0      0      0      0      0      0      0      0      0      0      0      0      0      0      0      0      0      0      0      0      0     
0x7f96775ad2a0           VIADD R4, R15, 0xc0c0                                  0      0      0      8192   262144  262144  32     32     0      0      -             -      -      0      0      0      0      0      0      0      0      0      0      0      0      0      0      0      0      0      0      0      0      0      0      0      0      0      0      0      0      0      0      0      0      0      0      0      0      0      0     
0x7f96775ad2b0           LOP3.LUT R66, R66, 0x70, R5, 0x78, !PT                 1      0      1      8192   262144  262144  32     32     0      0      -             -      -      0      0      0      0      0      0      0      0      0      0      0      0      0      0      0      0      1      0      0      0      0      0      0      0      0      0      0      0      0      0      0      0      0      0      0      0      0      0     
0x7f96775ad2c0           VIADD R132, R15, 0xc0b8                                0      0      0      8192   262144  262144  32     32     0      0      -             -      -      0      0      0      0      0      0      0      0      0      0      0      0      0      0      0      0      0      0      0      0      0      0      0      0      0      0      0      0      0      0      0      0      0      0      0      0      0      0     
0x7f96775ad2d0           SHF.R.U32.HI R0, RZ, 0x3, R107                         0      0      0      8192   262144  262144  32     32     0      0      -             -      -      0      0      0      0      0      0      0      0      0      0      0      0      0      0      0      0      0      0      0      0      0      0      0      0      0      0      0      0      0      0      0      0      0      0      0      0      0      0     
0x7f96775ad2e0           VIADD R6, R15, 0xc0c4                                  0      0      0      8192   262144  262144  32     32     0      0      -             -      -      0      0      0      0      0      0      0      0      0      0      0      0      0      0      0      0      0      0      0      0      0      0      0      0      0      0      0      0      0      0      0      0      0      0      0      0      0      0     
0x7f96775ad2f0           SHF.R.U32.HI R5, RZ, 0x3, R70                          0      0      0      8192   262144  262144  32     32     0      0      -             -      -      0      0      0      0      0      0      0      0      0      0      0      0      0      0      0      0      0      0      0      0      0      0      0      0      0      0      0      0      0      0      0      0      0      0      0      0      0      0     
0x7f96775ad300           VIADD R8, R15, 0xc0d0                                  1      0      1      8192   262144  262144  32     32     0      0      -             -      -      0      0      0      0      0      0      0      0      0      0      0      0      0      0      0      0      1      0      0      0      0      0      0      0      0      0      0      0      0      0      0      0      0      0      0      0      0      0     
0x7f96775ad310           LOP3.LUT R72, R72, 0x70, R3, 0x78, !PT                 0      0      0      8192   262144  262144  32     32     0      0      -             -      -      0      0      0      0      0      0      0      0      0      0      0      0      0      0      0      0      0      0      0      0      0      0      0      0      0      0      0      0      0      0      0      0      0      0      0      0      0      0     
0x7f96775ad320           VIADD R10, R15, 0xc0d4                                 0      0      0      8192   262144  262144  32     32     0      0      -             -      -      0      0      0      0      0      0      0      0      0      0      0      0      0      0      0      0      0      0      0      0      0      0      0      0      0      0      0      0      0      0      0      0      0      0      0      0      0      0     
0x7f96775ad330           SHF.R.U32.HI R3, RZ, 0x3, R76                          0      0      0      8192   262144  262144  32     32     0      0      -             -      -      0      0      0      0      0      0      0      0      0      0      0      0      0      0      0      0      0      0      0      0      0      0      0      0      0      0      0      0      0      0      0      0      0      0      0      0      0      0     
0x7f96775ad340           VIADD R11, R15, 0xc0dc                                 0      0      0      8192   262144  262144  32     32     0      0      -             -      -      0      0      0      0      0      0      0      0      0      0      0      0      0      0      0      0      0      0      0      0      0      0      0      0      0      0      0      0      0      0      0      0      0      0      0      0      0      0     
0x7f96775ad350           LOP3.LUT R107, R107, 0x70, R0, 0x78, !PT               0      0      0      8192   262144  262144  32     32     0      0      -             -      -      0      0      0      0      0      0      0      0      0      0      0      0      0      0      0      0      0      0      0      0      0      0      0      0      0      0      0      0      0      0      0      0      0      0      0      0      0      0     
0x7f96775ad360           VIADD R13, R15, 0xc0e0                                 1      0      1      8192   262144  262144  32     32     0      0      -             -      -      0      0      0      0      0      0      0      0      0      0      0      0      0      0      0      0      1      0      0      0      0      0      0      0      0      0      0      0      0      0      0      0      0      0      0      0      0      0     
0x7f96775ad370           LOP3.LUT R70, R70, 0x70, R5, 0x78, !PT                 1      0      1      8192   262144  262144  32     32     0      0      -             -      -      0      0      0      0      0      0      0      0      0      0      0      0      0      0      0      0      1      0      0      0      0      0      0      0      0      0      0      0      0      0      0      0      0      0      0      0      0      0     
0x7f96775ad380           VIADD R16, R15, 0xc0e4                                 1      1      1      8192   262144  262144  32     32     0      0      -             -      -      0      0      0      0      0      0      0      0      0      0      0      0      0      0      1      0      0      0      0      0      0      0      0      0      0      0      0      0      0      0      0      1      0      0      0      0      0      0     
0x7f96775ad390           SHF.R.U32.HI R0, RZ, 0x3, R109                         0      0      0      8192   262144  262144  32     32     0      0      -             -      -      0      0      0      0      0      0      0      0      0      0      0      0      0      0      0      0      0      0      0      0      0      0      0      0      0      0      0      0      0      0      0      0      0      0      0      0      0      0     
0x7f96775ad3a0           VIADD R17, R15, 0xc0ec                                 2      0      2      8192   262144  262144  32     32     0      0      -             -      -      0      0      0      0      0      0      0      0      0      0      0      0      0      0      0      0      2      0      0      0      0      0      0      0      0      0      0      0      0      0      0      0      0      0      0      0      0      0     
0x7f96775ad3b0           SHF.R.U32.HI R5, RZ, 0x3, R74                          1      0      1      8192   262144  262144  32     32     0      0      -             -      -      0      0      0      0      0      0      0      0      0      0      0      0      0      0      0      0      1      0      0      0      0      0      0      0      0      0      0      0      0      0      0      0      0      0      0      0      0      0     
0x7f96775ad3c0           VIADD R18, R15, 0xc0f0                                 0      0      0      8192   262144  262144  32     32     0      0      -             -      -      0      0      0      0      0      0      0      0      0      0      0      0      0      0      0      0      0      0      0      0      0      0      0      0      0      0      0      0      0      0      0      0      0      0      0      0      0      0     
0x7f96775ad3d0           LOP3.LUT R76, R76, 0x70, R3, 0x78, !PT                 0      0      0      8192   262144  262144  32     32     0      0      -             -      -      0      0      0      0      0      0      0      0      0      0      0      0      0      0      0      0      0      0      0      0      0      0      0      0      0      0      0      0      0      0      0      0      0      0      0      0      0      0     
0x7f96775ad3e0           LDS R38, [R38]                                         1      0      1      8192   262144  262144  32     32     0      0      Shared        Load   32     4      24576  32768  8192   0      0      0      0      0      0      0      0      0      0      0      0      1      0      0      0      0      0      0      0      0      0      0      0      0      0      0      0      0      0      0      0      0      0     
0x7f96775ad3f0           SHF.R.U32.HI R3, RZ, 0x3, R80                          0      0      0      8192   262144  262144  32     32     0      0      -             -      -      0      0      0      0      0      0      0      0      0      0      0      0      0      0      0      0      0      0      0      0      0      0      0      0      0      0      0      0      0      0      0      0      0      0      0      0      0      0     
0x7f96775ad400           LOP3.LUT R109, R109, 0x70, R0, 0x78, !PT               2      1      2      8192   262144  262144  32     32     0      0      -             -      -      0      0      0      0      0      0      0      0      0      0      0      0      0      0      1      0      1      0      0      0      0      0      0      0      0      0      0      0      0      0      0      1      0      0      0      0      0      0     
0x7f96775ad410           LDS R40, [R40]                                         0      0      0      8192   262144  262144  32     32     0      0      Shared        Load   32     4      24576  32768  8192   0      0      0      0      0      0      0      0      0      0      0      0      0      0      0      0      0      0      0      0      0      0      0      0      0      0      0      0      0      0      0      0      0      0     
0x7f96775ad420           LOP3.LUT R74, R74, 0x70, R5, 0x78, !PT                 1      0      1      8192   262144  262144  32     32     0      0      -             -      -      0      0      0      0      0      0      0      0      0      0      0      0      0      0      0      0      1      0      0      0      0      0      0      0      0      0      0      0      0      0      0      0      0      0      0      0      0      0     
0x7f96775ad430           SHF.R.U32.HI R0, RZ, 0x3, R111                         1      1      1      8192   262144  262144  32     32     0      0      -             -      -      0      0      0      0      0      0      0      0      0      0      0      0      0      0      0      0      0      0      0      0      1      0      0      0      0      0      0      0      0      0      0      0      0      0      0      0      0      1     
0x7f96775ad440           LDS R42, [R42]                                         0      0      0      8192   262144  262144  32     32     0      0      Shared        Load   32     4      24576  32768  8192   0      0      0      0      0      0      0      0      0      0      0      0      0      0      0      0      0      0      0      0      0      0      0      0      0      0      0      0      0      0      0      0      0      0     
0x7f96775ad450           SHF.R.U32.HI R5, RZ, 0x3, R78                          0      0      0      8192   262144  262144  32     32     0      0      -             -      -      0      0      0      0      0      0      0      0      0      0      0      0      0      0      0      0      0      0      0      0      0      0      0      0      0      0      0      0      0      0      0      0      0      0      0      0      0      0     
0x7f96775ad460           LOP3.LUT R80, R80, 0x70, R3, 0x78, !PT                 2      2      2      8192   262144  262144  32     32     0      0      -             -      -      0      0      0      0      0      0      0      0      0      0      0      0      0      0      0      0      0      0      0      0      2      0      0      0      0      0      0      0      0      0      0      0      0      0      0      0      0      2     
0x7f96775ad470           LDS R44, [R44]                                         1      0      1      8192   262144  262144  32     32     0      0      Shared        Load   32     4      24576  32768  8192   0      0      0      0      0      0      0      0      0      0      0      0      1      0      0      0      0      0      0      0      0      0      0      0      0      0      0      0      0      0      0      0      0      0     
0x7f96775ad480           SHF.R.U32.HI R3, RZ, 0x3, R84                          0      0      0      8192   262144  262144  32     32     0      0      -             -      -      0      0      0      0      0      0      0      0      0      0      0      0      0      0      0      0      0      0      0      0      0      0      0      0      0      0      0      0      0      0      0      0      0      0      0      0      0      0     
0x7f96775ad490           LOP3.LUT R111, R111, 0x70, R0, 0x78, !PT               1      0      1      8192   262144  262144  32     32     0      0      -             -      -      0      0      0      0      0      0      0      0      0      0      0      0      0      0      0      0      1      0      0      0      0      0      0      0      0      0      0      0      0      0      0      0      0      0      0      0      0      0     
0x7f96775ad4a0           LDS R46, [R46]                                         2      0      2      8192   262144  262144  32     32     0      0      Shared        Load   32     4      24576  32768  8192   0      0      0      0      0      0      0      0      0      0      0      0      2      0      0      0      0      0      0      0      0      0      0      0      0      0      0      0      0      0      0      0      0      0     
0x7f96775ad4b0           LOP3.LUT R78, R78, 0x70, R5, 0x78, !PT                 0      0      0      8192   262144  262144  32     32     0      0      -             -      -      0      0      0      0      0      0      0      0      0      0      0      0      0      0      0      0      0      0      0      0      0      0      0      0      0      0      0      0      0      0      0      0      0      0      0      0      0      0     
0x7f96775ad4c0           SHF.R.U32.HI R0, RZ, 0x3, R113                         1      0      1      8192   262144  262144  32     32     0      0      -             -      -      0      0      0      0      0      0      0      0      0      0      0      0      0      0      0      0      1      0      0      0      0      0      0      0      0      0      0      0      0      0      0      0      0      0      0      0      0      0     
0x7f96775ad4d0           LDS R48, [R48]                                         0      0      0      8192   262144  262144  32     32     0      0      Shared        Load   32     4      24576  32768  8192   0      0      0      0      0      0      0      0      0      0      0      0      0      0      0      0      0      0      0      0      0      0      0      0      0      0      0      0      0      0      0      0      0      0     
0x7f96775ad4e0           SHF.R.U32.HI R5, RZ, 0x3, R82                          0      0      0      8192   262144  262144  32     32     0      0      -             -      -      0      0      0      0      0      0      0      0      0      0      0      0      0      0      0      0      0      0      0      0      0      0      0      0      0      0      0      0      0      0      0      0      0      0      0      0      0      0     
0x7f96775ad4f0           LOP3.LUT R84, R84, 0x70, R3, 0x78, !PT                 2      1      2      8192   262144  262144  32     32     0      0      -             -      -      0      0      0      0      0      0      0      0      0      0      0      0      0      0      0      0      1      0      0      0      1      0      0      0      0      0      0      0      0      0      0      0      0      0      0      0      0      1     
0x7f96775ad500           LDS R50, [R50]                                         0      0      0      8192   262144  262144  32     32     0      0      Shared        Load   32     4      24576  32768  8192   0      0      0      0      0      0      0      0      0      0      0      0      0      0      0      0      0      0      0      0      0      0      0      0      0      0      0      0      0      0      0      0      0      0     
0x7f96775ad510           SHF.R.U32.HI R3, RZ, 0x3, R88                          0      0      0      8192   262144  262144  32     32     0      0      -             -      -      0      0      0      0      0      0      0      0      0      0      0      0      0      0      0      0      0      0      0      0      0      0      0      0      0      0      0      0      0      0      0      0      0      0      0      0      0      0     
0x7f96775ad520           LOP3.LUT R113, R113, 0x70, R0, 0x78, !PT               0      0      0      8192   262144  262144  32     32     0      0      -             -      -      0      0      0      0      0      0      0      0      0      0      0      0      0      0      0      0      0      0      0      0      0      0      0      0      0      0      0      0      0      0      0      0      0      0      0      0      0      0     
0x7f96775ad530           LDS R51, [R51]                                         0      0      0      8192   262144  262144  32     32     0      0      Shared        Load   32     4      24576  32768  8192   0      0      0      0      0      0      0      0      0      0      0      0      0      0      0      0      0      0      0      0      0      0      0      0      0      0      0      0      0      0      0      0      0      0     
0x7f96775ad540           LOP3.LUT R82, R82, 0x70, R5, 0x78, !PT                 1      0      1      8192   262144  262144  32     32     0      0      -             -      -      0      0      0      0      0      0      0      0      0      0      0      0      0      0      0      0      1      0      0      0      0      0      0      0      0      0      0      0      0      0      0      0      0      0      0      0      0      0     
0x7f96775ad550           SHF.R.U32.HI R0, RZ, 0x3, R115                         0      0      0      8192   262144  262144  32     32     0      0      -             -      -      0      0      0      0      0      0      0      0      0      0      0      0      0      0      0      0      0      0      0      0      0      0      0      0      0      0      0      0      0      0      0      0      0      0      0      0      0      0     
0x7f96775ad560           LDS R52, [R52]                                         0      0      0      8192   262144  262144  32     32     0      0      Shared        Load   32     4      24576  32768  8192   0      0      0      0      0      0      0      0      0      0      0      0      0      0      0      0      0      0      0      0      0      0      0      0      0      0      0      0      0      0      0      0      0      0     
0x7f96775ad570           SHF.R.U32.HI R5, RZ, 0x3, R86                          1      0      1      8192   262144  262144  32     32     0      0      -             -      -      0      0      0      0      0      0      0      0      0      0      0      0      0      0      0      0      1      0      0      0      0      0      0      0      0      0      0      0      0      0      0      0      0      0      0      0      0      0     
0x7f96775ad580           LOP3.LUT R88, R88, 0x70, R3, 0x78, !PT                 0      0      0      8192   262144  262144  32     32     0      0      -             -      -      0      0      0      0      0      0      0      0      0      0      0      0      0      0      0      0      0      0      0      0      0      0      0      0      0      0      0      0      0      0      0      0      0      0      0      0      0      0     
0x7f96775ad590           LDS R53, [R53]                                         0      0      0      8192   262144  262144  32     32     0      0      Shared        Load   32     4      24576  32768  8192   0      0      0      0      0      0      0      0      0      0      0      0      0      0      0      0      0      0      0      0      0      0      0      0      0      0      0      0      0      0      0      0      0      0     
0x7f96775ad5a0           SHF.R.U32.HI R3, RZ, 0x3, R92                          2      0      2      8192   262144  262144  32     32     0      0      -             -      -      0      0      0      0      0      0      0      0      0      0      0      0      0      0      0      0      2      0      0      0      0      0      0      0      0      0      0      0      0      0      0      0      0      0      0      0      0      0     
0x7f96775ad5b0           LOP3.LUT R115, R115, 0x70, R0, 0x78, !PT               0      0      0      8192   262144  262144  32     32     0      0      -             -      -      0      0      0      0      0      0      0      0      0      0      0      0      0      0      0      0      0      0      0      0      0      0      0      0      0      0      0      0      0      0      0      0      0      0      0      0      0      0     
0x7f96775ad5c0           LDS R54, [R54]                                         1      0      1      8192   262144  262144  32     32     0      0      Shared        Load   32     4      24576  32768  8192   0      0      0      0      0      0      0      0      0      0      0      0      1      0      0      0      0      0      0      0      0      0      0      0      0      0      0      0      0      0      0      0      0      0     
0x7f96775ad5d0           LOP3.LUT R86, R86, 0x70, R5, 0x78, !PT                 0      0      0      8192   262144  262144  32     32     0      0      -             -      -      0      0      0      0      0      0      0      0      0      0      0      0      0      0      0      0      0      0      0      0      0      0      0      0      0      0      0      0      0      0      0      0      0      0      0      0      0      0     
0x7f96775ad5e0           SHF.R.U32.HI R0, RZ, 0x3, R117                         1      1      1      8192   262144  262144  32     32     0      0      -             -      -      0      0      0      0      0      0      0      0      0      0      0      0      0      0      0      0      0      0      0      0      1      0      0      0      0      0      0      0      0      0      0      0      0      0      0      0      0      1     
0x7f96775ad5f0           LDS R55, [R55]                                         0      0      0      8192   262144  262144  32     32     0      0      Shared        Load   32     4      24576  32768  8192   0      0      0      0      0      0      0      0      0      0      0      0      0      0      0      0      0      0      0      0      0      0      0      0      0      0      0      0      0      0      0      0      0      0     
0x7f96775ad600           SHF.R.U32.HI R5, RZ, 0x3, R90                          2      0      2      8192   262144  262144  32     32     0      0      -             -      -      0      0      0      0      0      0      0      0      0      0      0      0      0      0      0      0      2      0      0      0      0      0      0      0      0      0      0      0      0      0      0      0      0      0      0      0      0      0     
0x7f96775ad610           LOP3.LUT R92, R92, 0x70, R3, 0x78, !PT                 0      0      0      8192   262144  262144  32     32     0      0      -             -      -      0      0      0      0      0      0      0      0      0      0      0      0      0      0      0      0      0      0      0      0      0      0      0      0      0      0      0      0      0      0      0      0      0      0      0      0      0      0     
0x7f96775ad620           LDS R56, [R56]                                         1      0      1      8192   262144  262144  32     32     0      0      Shared        Load   32     4      24576  32768  8192   0      0      0      0      0      0      0      0      0      0      0      0      1      0      0      0      0      0      0      0      0      0      0      0      0      0      0      0      0      0      0      0      0      0     
0x7f96775ad630           SHF.R.U32.HI R3, RZ, 0x3, R96                          0      0      0      8192   262144  262144  32     32     0      0      -             -      -      0      0      0      0      0      0      0      0      0      0      0      0      0      0      0      0      0      0      0      0      0      0      0      0      0      0      0      0      0      0      0      0      0      0      0      0      0      0     
0x7f96775ad640           LOP3.LUT R117, R117, 0x70, R0, 0x78, !PT               1      0      1      8192   262144  262144  32     32     0      0      -             -      -      0      0      0      0      0      0      0      0      0      0      0      0      0      0      0      0      1      0      0      0      0      0      0      0      0      0      0      0      0      0      0      0      0      0      0      0      0      0     
0x7f96775ad650           LDS R57, [R57]                                         1      0      1      8192   262144  262144  32     32     0      0      Shared        Load   32     4      24576  32768  8192   0      0      0      0      0      0      0      0      0      0      0      0      1      0      0      0      0      0      0      0      0      0      0      0      0      0      0      0      0      0      0      0      0      0     
0x7f96775ad660           LOP3.LUT R90, R90, 0x70, R5, 0x78, !PT                 0      0      0      8192   262144  262144  32     32     0      0      -             -      -      0      0      0      0      0      0      0      0      0      0      0      0      0      0      0      0      0      0      0      0      0      0      0      0      0      0      0      0      0      0      0      0      0      0      0      0      0      0     
0x7f96775ad670           SHF.R.U32.HI R0, RZ, 0x3, R119                         1      1      1      8192   262144  262144  32     32     0      0      -             -      -      0      0      0      0      0      0      0      0      0      0      0      0      0      0      0      0      0      0      0      0      1      0      0      0      0      0      0      0      0      0      0      0      0      0      0      0      0      1     
0x7f96775ad680           LDS R58, [R58]                                         0      0      0      8192   262144  262144  32     32     0      0      Shared        Load   32     4      24576  32768  8192   0      0      0      0      0      0      0      0      0      0      0      0      0      0      0      0      0      0      0      0      0      0      0      0      0      0      0      0      0      0      0      0      0      0     
0x7f96775ad690           SHF.R.U32.HI R5, RZ, 0x3, R94                          0      0      0      8192   262144  262144  32     32     0      0      -             -      -      0      0      0      0      0      0      0      0      0      0      0      0      0      0      0      0      0      0      0      0      0      0      0      0      0      0      0      0      0      0      0      0      0      0      0      0      0      0     
0x7f96775ad6a0           LOP3.LUT R96, R96, 0x70, R3, 0x78, !PT                 1      0      1      8192   262144  262144  32     32     0      0      -             -      -      0      0      0      0      0      0      0      0      0      0      0      0      0      0      0      0      1      0      0      0      0      0      0      0      0      0      0      0      0      0      0      0      0      0      0      0      0      0     
0x7f96775ad6b0           LDS R59, [R59]                                         0      0      0      8192   262144  262144  32     32     0      0      Shared        Load   32     4      24576  32768  8192   0      0      0      0      0      0      0      0      0      0      0      0      0      0      0      0      0      0      0      0      0      0      0      0      0      0      0      0      0      0      0      0      0      0     
0x7f96775ad6c0           SHF.R.U32.HI R3, RZ, 0x3, R100                         0      0      0      8192   262144  262144  32     32     0      0      -             -      -      0      0      0      0      0      0      0      0      0      0      0      0      0      0      0      0      0      0      0      0      0      0      0      0      0      0      0      0      0      0      0      0      0      0      0      0      0      0     
0x7f96775ad6d0           LOP3.LUT R119, R119, 0x70, R0, 0x78, !PT               3      3      3      8192   262144  262144  32     32     0      0      -             -      -      0      0      0      0      0      0      0      0      0      0      0      0      0      0      0      0      0      0      0      0      3      0      0      0      0      0      0      0      0      0      0      0      0      0      0      0      0      3     
0x7f96775ad6e0           LDS R60, [R60]                                         0      0      0      8192   262144  262144  32     32     0      0      Shared        Load   32     4      24576  32768  8192   0      0      0      0      0      0      0      0      0      0      0      0      0      0      0      0      0      0      0      0      0      0      0      0      0      0      0      0      0      0      0      0      0      0     
0x7f96775ad6f0           LOP3.LUT R94, R94, 0x70, R5, 0x78, !PT                 0      0      0      8192   262144  262144  32     32     0      0      -             -      -      0      0      0      0      0      0      0      0      0      0      0      0      0      0      0      0      0      0      0      0      0      0      0      0      0      0      0      0      0      0      0      0      0      0      0      0      0      0     
0x7f96775ad700           SHF.R.U32.HI R0, RZ, 0x3, R121                         1      1      1      8192   262144  262144  32     32     0      0      -             -      -      0      0      0      0      0      0      0      0      0      0      0      0      0      0      0      0      0      0      0      0      1      0      0      0      0      0      0      0      0      0      0      0      0      0      0      0      0      1     
0x7f96775ad710           LDS R61, [R61]                                         4      2      4      8192   262144  262144  32     32     0      0      Shared        Load   32     4      24576  32768  8192   0      0      0      0      0      0      0      0      2      0      0      0      2      0      0      0      0      0      0      0      0      0      0      0      0      2      0      0      0      0      0      0      0      0     
0x7f96775ad720           SHF.R.U32.HI R5, RZ, 0x3, R98                          1      0      1      8192   262144  262144  32     32     0      0      -             -      -      0      0      0      0      0      0      0      0      0      0      0      0      0      0      0      0      1      0      0      0      0      0      0      0      0      0      0      0      0      0      0      0      0      0      0      0      0      0     
0x7f96775ad730           LOP3.LUT R100, R100, 0x70, R3, 0x78, !PT               1      0      1      8192   262144  262144  32     32     0      0      -             -      -      0      0      0      0      0      0      0      0      0      0      0      0      0      0      0      0      1      0      0      0      0      0      0      0      0      0      0      0      0      0      0      0      0      0      0      0      0      0     
0x7f96775ad740           LDS R62, [R62]                                         8      5      8      8192   262144  262144  32     32     0      0      Shared        Load   32     4      24576  32768  8192   0      0      0      0      0      0      0      0      5      0      0      0      3      0      0      0      0      0      0      0      0      0      0      0      0      5      0      0      0      0      0      0      0      0     
0x7f96775ad750           SHF.R.U32.HI R3, RZ, 0x3, R104                         0      0      0      8192   262144  262144  32     32     0      0      -             -      -      0      0      0      0      0      0      0      0      0      0      0      0      0      0      0      0      0      0      0      0      0      0      0      0      0      0      0      0      0      0      0      0      0      0      0      0      0      0     
0x7f96775ad760           LOP3.LUT R121, R121, 0x70, R0, 0x78, !PT               2      2      2      8192   262144  262144  32     32     0      0      -             -      -      0      0      0      0      0      0      0      0      0      0      0      0      0      0      0      0      0      0      0      0      2      0      0      0      0      0      0      0      0      0      0      0      0      0      0      0      0      2     
0x7f96775ad770           LDS R63, [R63]                                         11     8      11     8192   262144  262144  32     32     0      0      Shared        Load   32     4      24576  32768  8192   0      0      0      0      0      0      0      0      8      0      0      0      3      0      0      0      0      0      0      0      0      0      0      0      0      8      0      0      0      0      0      0      0      0     
0x7f96775ad780           LOP3.LUT R98, R98, 0x70, R5, 0x78, !PT                 0      0      0      8192   262144  262144  32     32     0      0      -             -      -      0      0      0      0      0      0      0      0      0      0      0      0      0      0      0      0      0      0      0      0      0      0      0      0      0      0      0      0      0      0      0      0      0      0      0      0      0      0     
0x7f96775ad790           SHF.R.U32.HI R0, RZ, 0x3, R123                         2      1      2      8192   262144  262144  32     32     0      0      -             -      -      0      0      0      0      0      0      0      0      0      0      0      0      0      0      0      0      1      0      0      0      1      0      0      0      0      0      0      0      0      0      0      0      0      0      0      0      0      1     
0x7f96775ad7a0           LDS R64, [R64]                                         6      6      6      8192   262144  262144  32     32     0      0      Shared        Load   32     4      24576  32768  8192   0      0      0      0      0      0      0      0      6      0      0      0      0      0      0      0      0      0      0      0      0      0      0      0      0      6      0      0      0      0      0      0      0      0     
0x7f96775ad7b0           SHF.R.U32.HI R5, RZ, 0x3, R102                         0      0      0      8192   262144  262144  32     32     0      0      -             -      -      0      0      0      0      0      0      0      0      0      0      0      0      0      0      0      0      0      0      0      0      0      0      0      0      0      0      0      0      0      0      0      0      0      0      0      0      0      0     
0x7f96775ad7c0           LOP3.LUT R104, R104, 0x70, R3, 0x78, !PT               0      0      0      8192   262144  262144  32     32     0      0      -             -      -      0      0      0      0      0      0      0      0      0      0      0      0      0      0      0      0      0      0      0      0      0      0      0      0      0      0      0      0      0      0      0      0      0      0      0      0      0      0     
0x7f96775ad7d0           LDS R65, [R65]                                         7      7      7      8192   262144  262144  32     32     0      0      Shared        Load   32     4      24576  32768  8192   0      0      0      0      0      0      0      0      7      0      0      0      0      0      0      0      0      0      0      0      0      0      0      0      0      7      0      0      0      0      0      0      0      0     
0x7f96775ad7e0           SHF.R.U32.HI R3, RZ, 0x3, R108                         2      0      2      8192   262144  262144  32     32     0      0      -             -      -      0      0      0      0      0      0      0      0      0      0      0      0      0      0      0      0      2      0      0      0      0      0      0      0      0      0      0      0      0      0      0      0      0      0      0      0      0      0     
0x7f96775ad7f0           LOP3.LUT R123, R123, 0x70, R0, 0x78, !PT               0      0      0      8192   262144  262144  32     32     0      0      -             -      -      0      0      0      0      0      0      0      0      0      0      0      0      0      0      0      0      0      0      0      0      0      0      0      0      0      0      0      0      0      0      0      0      0      0      0      0      0      0     
0x7f96775ad800           LDS R66, [R66]                                         5      5      5      8192   262144  262144  32     32     0      0      Shared        Load   32     4      24576  32768  8192   0      0      0      0      0      0      0      0      5      0      0      0      0      0      0      0      0      0      0      0      0      0      0      0      0      5      0      0      0      0      0      0      0      0     
0x7f96775ad810           LOP3.LUT R102, R102, 0x70, R5, 0x78, !PT               1      0      1      8192   262144  262144  32     32     0      0      -             -      -      0      0      0      0      0      0      0      0      0      0      0      0      0      0      0      0      1      0      0      0      0      0      0      0      0      0      0      0      0      0      0      0      0      0      0      0      0      0     
0x7f96775ad820           SHF.R.U32.HI R0, RZ, 0x3, R125                         3      2      3      8192   262144  262144  32     32     0      0      -             -      -      0      0      0      0      0      0      0      0      0      0      0      0      0      0      0      0      1      0      0      0      2      0      0      0      0      0      0      0      0      0      0      0      0      0      0      0      0      2     
0x7f96775ad830           LDS R67, [R67]                                         5      5      5      8192   262144  262144  32     32     0      0      Shared        Load   32     4      24576  32768  8192   0      0      0      0      0      0      0      0      5      0      0      0      0      0      0      0      0      0      0      0      0      0      0      0      0      5      0      0      0      0      0      0      0      0     
0x7f96775ad840           SHF.R.U32.HI R5, RZ, 0x3, R106                         0      0      0      8192   262144  262144  32     32     0      0      -             -      -      0      0      0      0      0      0      0      0      0      0      0      0      0      0      0      0      0      0      0      0      0      0      0      0      0      0      0      0      0      0      0      0      0      0      0      0      0      0     
0x7f96775ad850           LOP3.LUT R108, R108, 0x70, R3, 0x78, !PT               2      1      2      8192   262144  262144  32     32     0      0      -             -      -      0      0      0      0      0      0      0      0      0      0      0      0      0      0      0      0      1      0      0      0      1      0      0      0      0      0      0      0      0      0      0      0      0      0      0      0      0      1     
0x7f96775ad860           LDS R68, [R68]                                         2      2      2      8192   262144  262144  32     32     0      0      Shared        Load   32     4      24576  32768  8192   0      0      0      0      0      0      0      0      2      0      0      0      0      0      0      0      0      0      0      0      0      0      0      0      0      2      0      0      0      0      0      0      0      0     
0x7f96775ad870           SHF.R.U32.HI R3, RZ, 0x3, R112                         2      0      2      8192   262144  262144  32     32     0      0      -             -      -      0      0      0      0      0      0      0      0      0      0      0      0      0      0      0      0      2      0      0      0      0      0      0      0      0      0      0      0      0      0      0      0      0      0      0      0      0      0     
0x7f96775ad880           LOP3.LUT R125, R125, 0x70, R0, 0x78, !PT               2      2      2      8192   262144  262144  32     32     0      0      -             -      -      0      0      0      0      0      0      0      0      0      0      0      0      0      0      0      0      0      0      0      0      2      0      0      0      0      0      0      0      0      0      0      0      0      0      0      0      0      2     
0x7f96775ad890           LDS R69, [R69]                                         8      8      8      8192   262144  262144  32     32     0      0      Shared        Load   32     4      24576  32768  8192   0      0      0      0      0      0      0      0      8      0      0      0      0      0      0      0      0      0      0      0      0      0      0      0      0      8      0      0      0      0      0      0      0      0     
0x7f96775ad8a0           LOP3.LUT R106, R106, 0x70, R5, 0x78, !PT               0      0      0      8192   262144  262144  32     32     0      0      -             -      -      0      0      0      0      0      0      0      0      0      0      0      0      0      0      0      0      0      0      0      0      0      0      0      0      0      0      0      0      0      0      0      0      0      0      0      0      0      0     
0x7f96775ad8b0           SHF.R.U32.HI R0, RZ, 0x3, R127                         2      2      2      8192   262144  262144  32     32     0      0      -             -      -      0      0      0      0      0      0      0      0      0      0      0      0      0      0      0      0      0      0      0      0      2      0      0      0      0      0      0      0      0      0      0      0      0      0      0      0      0      2     
0x7f96775ad8c0           LDS R70, [R70]                                         6      6      6      8192   262144  262144  32     32     0      0      Shared        Load   32     4      24576  32768  8192   0      0      0      0      0      0      0      0      6      0      0      0      0      0      0      0      0      0      0      0      0      0      0      0      0      6      0      0      0      0      0      0      0      0     
0x7f96775ad8d0           SHF.R.U32.HI R5, RZ, 0x3, R110                         0      0      0      8192   262144  262144  32     32     0      0      -             -      -      0      0      0      0      0      0      0      0      0      0      0      0      0      0      0      0      0      0      0      0      0      0      0      0      0      0      0      0      0      0      0      0      0      0      0      0      0      0     
0x7f96775ad8e0           LOP3.LUT R112, R112, 0x70, R3, 0x78, !PT               0      0      0      8192   262144  262144  32     32     0      0      -             -      -      0      0      0      0      0      0      0      0      0      0      0      0      0      0      0      0      0      0      0      0      0      0      0      0      0      0      0      0      0      0      0      0      0      0      0      0      0      0     
0x7f96775ad8f0           LDS R71, [R71]                                         10     10     10     8192   262144  262144  32     32     0      0      Shared        Load   32     4      24576  32768  8192   0      0      0      0      0      0      0      0      10     0      0      0      0      0      0      0      0      0      0      0      0      0      0      0      0      10     0      0      0      0      0      0      0      0     
0x7f96775ad900           SHF.R.U32.HI R3, RZ, 0x3, R116                         0      0      0      8192   262144  262144  32     32     0      0      -             -      -      0      0      0      0      0      0      0      0      0      0      0      0      0      0      0      0      0      0      0      0      0      0      0      0      0      0      0      0      0      0      0      0      0      0      0      0      0      0     
0x7f96775ad910           LOP3.LUT R127, R127, 0x70, R0, 0x78, !PT               2      1      2      8192   262144  262144  32     32     0      0      -             -      -      0      0      0      0      0      0      0      0      0      0      0      0      0      0      0      0      1      0      0      0      1      0      0      0      0      0      0      0      0      0      0      0      0      0      0      0      0      1     
0x7f96775ad920           LDS R72, [R72]                                         5      4      5      8192   262144  262144  32     32     0      0      Shared        Load   32     4      24576  32768  8192   0      0      0      0      0      0      0      0      4      0      0      0      1      0      0      0      0      0      0      0      0      0      0      0      0      4      0      0      0      0      0      0      0      0     
0x7f96775ad930           LOP3.LUT R110, R110, 0x70, R5, 0x78, !PT               0      0      0      8192   262144  262144  32     32     0      0      -             -      -      0      0      0      0      0      0      0      0      0      0      0      0      0      0      0      0      0      0      0      0      0      0      0      0      0      0      0      0      0      0      0      0      0      0      0      0      0      0     
0x7f96775ad940           SHF.R.U32.HI R0, RZ, 0x3, R129                         0      0      0      8192   262144  262144  32     32     0      0      -             -      -      0      0      0      0      0      0      0      0      0      0      0      0      0      0      0      0      0      0      0      0      0      0      0      0      0      0      0      0      0      0      0      0      0      0      0      0      0      0     
0x7f96775ad950           LDS R73, [R73]                                         4      4      4      8192   262144  262144  32     32     0      0      Shared        Load   32     4      24576  32768  8192   0      0      0      0      0      0      0      0      4      0      0      0      0      0      0      0      0      0      0      0      0      0      0      0      0      4      0      0      0      0      0      0      0      0     
0x7f96775ad960           SHF.R.U32.HI R5, RZ, 0x3, R114                         0      0      0      8192   262144  262144  32     32     0      0      -             -      -      0      0      0      0      0      0      0      0      0      0      0      0      0      0      0      0      0      0      0      0      0      0      0      0      0      0      0      0      0      0      0      0      0      0      0      0      0      0     
0x7f96775ad970           LOP3.LUT R116, R116, 0x70, R3, 0x78, !PT               0      0      0      8192   262144  262144  32     32     0      0      -             -      -      0      0      0      0      0      0      0      0      0      0      0      0      0      0      0      0      0      0      0      0      0      0      0      0      0      0      0      0      0      0      0      0      0      0      0      0      0      0     
0x7f96775ad980           LDS R74, [R74]                                         10     9      10     8192   262144  262144  32     32     0      0      Shared        Load   32     4      24576  32768  8192   0      0      0      0      0      0      0      0      8      0      1      0      1      0      0      0      0      0      0      0      0      0      0      0      0      8      0      1      0      0      0      0      0      0     
0x7f96775ad990           SHF.R.U32.HI R3, RZ, 0x3, R120                         0      0      0      8192   262144  262144  32     32     0      0      -             -      -      0      0      0      0      0      0      0      0      0      0      0      0      0      0      0      0      0      0      0      0      0      0      0      0      0      0      0      0      0      0      0      0      0      0      0      0      0      0     
0x7f96775ad9a0           LOP3.LUT R129, R129, 0x70, R0, 0x78, !PT               0      0      0      8192   262144  262144  32     32     0      0      -             -      -      0      0      0      0      0      0      0      0      0      0      0      0      0      0      0      0      0      0      0      0      0      0      0      0      0      0      0      0      0      0      0      0      0      0      0      0      0      0     
0x7f96775ad9b0           LDS R75, [R75]                                         3      3      3      8192   262144  262144  32     32     0      0      Shared        Load   32     4      24576  32768  8192   0      0      0      0      0      0      0      0      3      0      0      0      0      0      0      0      0      0      0      0      0      0      0      0      0      3      0      0      0      0      0      0      0      0     
0x7f96775ad9c0           LOP3.LUT R114, R114, 0x70, R5, 0x78, !PT               1      0      1      8192   262144  262144  32     32     0      0      -             -      -      0      0      0      0      0      0      0      0      0      0      0      0      0      0      0      0      1      0      0      0      0      0      0      0      0      0      0      0      0      0      0      0      0      0      0      0      0      0     
0x7f96775ad9d0           SHF.R.U32.HI R0, RZ, 0x3, R131                         0      0      0      8192   262144  262144  32     32     0      0      -             -      -      0      0      0      0      0      0      0      0      0      0      0      0      0      0      0      0      0      0      0      0      0      0      0      0      0      0      0      0      0      0      0      0      0      0      0      0      0      0     
0x7f96775ad9e0           LDS R76, [R76]                                         9      8      9      8192   262144  262144  32     32     0      0      Shared        Load   32     4      24576  32768  8192   0      0      0      0      0      0      0      0      8      0      0      0      1      0      0      0      0      0      0      0      0      0      0      0      0      8      0      0      0      0      0      0      0      0     
0x7f96775ad9f0           SHF.R.U32.HI R5, RZ, 0x3, R118                         0      0      0      8192   262144  262144  32     32     0      0      -             -      -      0      0      0      0      0      0      0      0      0      0      0      0      0      0      0      0      0      0      0      0      0      0      0      0      0      0      0      0      0      0      0      0      0      0      0      0      0      0     
0x7f96775ada00           LOP3.LUT R120, R120, 0x70, R3, 0x78, !PT               5      2      5      8192   262144  262144  32     32     0      0      -             -      -      0      0      0      0      0      0      0      0      0      0      0      0      0      0      0      0      3      0      0      0      2      0      0      0      0      0      0      0      0      0      0      0      0      0      0      0      0      2     
0x7f96775ada10           LDS R77, [R77]                                         8      8      8      8192   262144  262144  32     32     0      0      Shared        Load   32     4      24576  32768  8192   0      0      0      0      0      0      0      0      8      0      0      0      0      0      0      0      0      0      0      0      0      0      0      0      0      8      0      0      0      0      0      0      0      0     
0x7f96775ada20           SHF.R.U32.HI R3, RZ, 0x3, R124                         1      0      1      8192   262144  262144  32     32     0      0      -             -      -      0      0      0      0      0      0      0      0      0      0      0      0      0      0      0      0      1      0      0      0      0      0      0      0      0      0      0      0      0      0      0      0      0      0      0      0      0      0     
0x7f96775ada30           LOP3.LUT R131, R131, 0x70, R0, 0x78, !PT               2      2      2      8192   262144  262144  32     32     0      0      -             -      -      0      0      0      0      0      0      0      0      0      0      0      0      0      0      0      0      0      0      0      0      2      0      0      0      0      0      0      0      0      0      0      0      0      0      0      0      0      2     
0x7f96775ada40           LDS R78, [R78]                                         9      9      9      8192   262144  262144  32     32     0      0      Shared        Load   32     4      24576  32768  8192   0      0      0      0      0      0      0      0      9      0      0      0      0      0      0      0      0      0      0      0      0      0      0      0      0      9      0      0      0      0      0      0      0      0     
0x7f96775ada50           LOP3.LUT R118, R118, 0x70, R5, 0x78, !PT               0      0      0      8192   262144  262144  32     32     0      0      -             -      -      0      0      0      0      0      0      0      0      0      0      0      0      0      0      0      0      0      0      0      0      0      0      0      0      0      0      0      0      0      0      0      0      0      0      0      0      0      0     
0x7f96775ada60           SHF.R.U32.HI R0, RZ, 0x3, R143                         1      1      1      8192   262144  262144  32     32     0      0      -             -      -      0      0      0      0      0      0      0      0      0      0      0      0      0      0      0      0      0      0      0      0      1      0      0      0      0      0      0      0      0      0      0      0      0      0      0      0      0      1     
0x7f96775ada70           LDS R79, [R79]                                         5      5      5      8192   262144  262144  32     32     0      0      Shared        Load   32     4      24576  32768  8192   0      0      0      0      0      0      0      0      5      0      0      0      0      0      0      0      0      0      0      0      0      0      0      0      0      5      0      0      0      0      0      0      0      0     
0x7f96775ada80           SHF.R.U32.HI R5, RZ, 0x3, R122                         0      0      0      8192   262144  262144  32     32     0      0      -             -      -      0      0      0      0      0      0      0      0      0      0      0      0      0      0      0      0      0      0      0      0      0      0      0      0      0      0      0      0      0      0      0      0      0      0      0      0      0      0     
0x7f96775ada90           LOP3.LUT R124, R124, 0x70, R3, 0x78, !PT               0      0      0      8192   262144  262144  32     32     0      0      -             -      -      0      0      0      0      0      0      0      0      0      0      0      0      0      0      0      0      0      0      0      0      0      0      0      0      0      0      0      0      0      0      0      0      0      0      0      0      0      0     
0x7f96775adaa0           LDS R80, [R80]                                         3      2      3      8192   262144  262144  32     32     0      0      Shared        Load   32     4      24576  32768  8192   0      0      0      0      0      0      0      0      2      0      0      0      1      0      0      0      0      0      0      0      0      0      0      0      0      2      0      0      0      0      0      0      0      0     
0x7f96775adab0           SHF.R.U32.HI R3, RZ, 0x3, R128                         0      0      0      8192   262144  262144  32     32     0      0      -             -      -      0      0      0      0      0      0      0      0      0      0      0      0      0      0      0      0      0      0      0      0      0      0      0      0      0      0      0      0      0      0      0      0      0      0      0      0      0      0     
0x7f96775adac0           LOP3.LUT R143, R143, 0x70, R0, 0x78, !PT               1      1      1      8192   262144  262144  32     32     0      0      -             -      -      0      0      0      0      0      0      0      0      0      0      0      0      0      0      0      0      0      0      0      0      1      0      0      0      0      0      0      0      0      0      0      0      0      0      0      0      0      1     
0x7f96775adad0           LDS R81, [R81]                                         10     10     10     8192   262144  262144  32     32     0      0      Shared        Load   32     4      24576  32768  8192   0      0      0      0      0      0      0      0      10     0      0      0      0      0      0      0      0      0      0      0      0      0      0      0      0      10     0      0      0      0      0      0      0      0     
0x7f96775adae0           LOP3.LUT R122, R122, 0x70, R5, 0x78, !PT               1      0      1      8192   262144  262144  32     32     0      0      -             -      -      0      0      0      0      0      0      0      0      0      0      0      0      0      0      0      0      1      0      0      0      0      0      0      0      0      0      0      0      0      0      0      0      0      0      0      0      0      0     
0x7f96775adaf0           SHF.R.U32.HI R0, RZ, 0x3, R147                         1      0      1      8192   262144  262144  32     32     0      0      -             -      -      0      0      0      0      0      0      0      0      0      0      0      0      0      0      0      0      1      0      0      0      0      0      0      0      0      0      0      0      0      0      0      0      0      0      0      0      0      0     
0x7f96775adb00           LDS R82, [R82]                                         10     9      10     8192   262144  262144  32     32     0      0      Shared        Load   32     4      24576  32768  8192   0      0      0      0      0      0      0      0      9      0      0      0      1      0      0      0      0      0      0      0      0      0      0      0      0      9      0      0      0      0      0      0      0      0     
0x7f96775adb10           SHF.R.U32.HI R5, RZ, 0x3, R126                         0      0      0      8192   262144  262144  32     32     0      0      -             -      -      0      0      0      0      0      0      0      0      0      0      0      0      0      0      0      0      0      0      0      0      0      0      0      0      0      0      0      0      0      0      0      0      0      0      0      0      0      0     
0x7f96775adb20           LOP3.LUT R128, R128, 0x70, R3, 0x78, !PT               0      0      0      8192   262144  262144  32     32     0      0      -             -      -      0      0      0      0      0      0      0      0      0      0      0      0      0      0      0      0      0      0      0      0      0      0      0      0      0      0      0      0      0      0      0      0      0      0      0      0      0      0     
0x7f96775adb30           LDS R83, [R83]                                         7      6      7      8192   262144  262144  32     32     0      0      Shared        Load   32     4      24576  32768  8192   0      0      0      0      0      0      0      0      6      0      0      0      1      0      0      0      0      0      0      0      0      0      0      0      0      6      0      0      0      0      0      0      0      0     
0x7f96775adb40           SHF.R.U32.HI R3, RZ, 0x3, R144                         0      0      0      8192   262144  262144  32     32     0      0      -             -      -      0      0      0      0      0      0      0      0      0      0      0      0      0      0      0      0      0      0      0      0      0      0      0      0      0      0      0      0      0      0      0      0      0      0      0      0      0      0     
0x7f96775adb50           LOP3.LUT R147, R147, 0x70, R0, 0x78, !PT               2      0      2      8192   262144  262144  32     32     0      0      -             -      -      0      0      0      0      0      0      0      0      0      0      0      0      0      0      0      0      2      0      0      0      0      0      0      0      0      0      0      0      0      0      0      0      0      0      0      0      0      0     
0x7f96775adb60           LDS R84, [R84]                                         5      5      5      8192   262144  262144  32     32     0      0      Shared        Load   32     4      24576  32768  8192   0      0      0      0      0      0      0      0      5      0      0      0      0      0      0      0      0      0      0      0      0      0      0      0      0      5      0      0      0      0      0      0      0      0     
0x7f96775adb70           LOP3.LUT R126, R126, 0x70, R5, 0x78, !PT               0      0      0      8192   262144  262144  32     32     0      0      -             -      -      0      0      0      0      0      0      0      0      0      0      0      0      0      0      0      0      0      0      0      0      0      0      0      0      0      0      0      0      0      0      0      0      0      0      0      0      0      0     
0x7f96775adb80           SHF.R.U32.HI R0, RZ, 0x3, R141                         1      1      1      8192   262144  262144  32     32     0      0      -             -      -      0      0      0      0      0      0      0      0      0      0      0      0      0      0      0      0      0      0      0      0      1      0      0      0      0      0      0      0      0      0      0      0      0      0      0      0      0      1     
0x7f96775adb90           LDS R85, [R85]                                         10     10     10     8192   262144  262144  32     32     0      0      Shared        Load   32     4      24576  32768  8192   0      0      0      0      0      0      0      0      10     0      0      0      0      0      0      0      0      0      0      0      0      0      0      0      0      10     0      0      0      0      0      0      0      0     
0x7f96775adba0           SHF.R.U32.HI R5, RZ, 0x3, R130                         1      0      1      8192   262144  262144  32     32     0      0      -             -      -      0      0      0      0      0      0      0      0      0      0      0      0      0      0      0      0      1      0      0      0      0      0      0      0      0      0      0      0      0      0      0      0      0      0      0      0      0      0     
0x7f96775adbb0           LOP3.LUT R144, R144, 0x70, R3, 0x78, !PT               1      0      1      8192   262144  262144  32     32     0      0      -             -      -      0      0      0      0      0      0      0      0      0      0      0      0      0      0      0      0      1      0      0      0      0      0      0      0      0      0      0      0      0      0      0      0      0      0      0      0      0      0     
0x7f96775adbc0           LDS R86, [R86]                                         6      6      6      8192   262144  262144  32     32     0      0      Shared        Load   32     4      24576  32768  8192   0      0      0      0      0      0      0      0      6      0      0      0      0      0      0      0      0      0      0      0      0      0      0      0      0      6      0      0      0      0      0      0      0      0     
0x7f96775adbd0           SHF.R.U32.HI R3, RZ, 0x3, R146                         1      0      1      8192   262144  262144  32     32     0      0      -             -      -      0      0      0      0      0      0      0      0      0      0      0      0      0      0      0      0      1      0      0      0      0      0      0      0      0      0      0      0      0      0      0      0      0      0      0      0      0      0     
0x7f96775adbe0           LOP3.LUT R141, R141, 0x70, R0, 0x78, !PT               2      0      2      8192   262144  262144  32     32     0      0      -             -      -      0      0      0      0      0      0      0      0      0      0      0      0      0      0      0      0      2      0      0      0      0      0      0      0      0      0      0      0      0      0      0      0      0      0      0      0      0      0     
0x7f96775adbf0           LDS R87, [R87]                                         6      5      6      8192   262144  262144  32     32     0      0      Shared        Load   32     4      24576  32768  8192   0      0      0      0      0      0      0      0      5      0      0      0      1      0      0      0      0      0      0      0      0      0      0      0      0      5      0      0      0      0      0      0      0      0     
0x7f96775adc00           LOP3.LUT R130, R130, 0x70, R5, 0x78, !PT               0      0      0      8192   262144  262144  32     32     0      0      -             -      -      0      0      0      0      0      0      0      0      0      0      0      0      0      0      0      0      0      0      0      0      0      0      0      0      0      0      0      0      0      0      0      0      0      0      0      0      0      0     
0x7f96775adc10           SHF.R.U32.HI R0, RZ, 0x3, R139                         2      1      2      8192   262144  262144  32     32     0      0      -             -      -      0      0      0      0      0      0      0      0      0      0      0      0      0      0      0      0      1      0      0      0      1      0      0      0      0      0      0      0      0      0      0      0      0      0      0      0      0      1     
0x7f96775adc20           LDS R88, [R88]                                         4      4      4      8192   262144  262144  32     32     0      0      Shared        Load   32     4      24576  32768  8192   0      0      0      0      0      0      0      0      4      0      0      0      0      0      0      0      0      0      0      0      0      0      0      0      0      4      0      0      0      0      0      0      0      0     
0x7f96775adc30           SHF.R.U32.HI R5, RZ, 0x3, R142                         0      0      0      8192   262144  262144  32     32     0      0      -             -      -      0      0      0      0      0      0      0      0      0      0      0      0      0      0      0      0      0      0      0      0      0      0      0      0      0      0      0      0      0      0      0      0      0      0      0      0      0      0     
0x7f96775adc40           LOP3.LUT R146, R146, 0x70, R3, 0x78, !PT               0      0      0      8192   262144  262144  32     32     0      0      -             -      -      0      0      0      0      0      0      0      0      0      0      0      0      0      0      0      0      0      0      0      0      0      0      0      0      0      0      0      0      0      0      0      0      0      0      0      0      0      0     
0x7f96775adc50           LDS R89, [R89]                                         7      5      7      8192   262144  262144  32     32     0      0      Shared        Load   32     4      24576  32768  8192   0      0      0      0      0      0      0      0      5      0      0      0      2      0      0      0      0      0      0      0      0      0      0      0      0      5      0      0      0      0      0      0      0      0     
0x7f96775adc60           SHF.R.U32.HI R3, RZ, 0x3, R148                         0      0      0      8192   262144  262144  32     32     0      0      -             -      -      0      0      0      0      0      0      0      0      0      0      0      0      0      0      0      0      0      0      0      0      0      0      0      0      0      0      0      0      0      0      0      0      0      0      0      0      0      0     
0x7f96775adc70           LOP3.LUT R139, R139, 0x70, R0, 0x78, !PT               1      1      1      8192   262144  262144  32     32     0      0      -             -      -      0      0      0      0      0      0      0      0      0      0      0      0      0      0      0      0      0      0      0      0      1      0      0      0      0      0      0      0      0      0      0      0      0      0      0      0      0      1     
0x7f96775adc80           LDS R90, [R90]                                         8      7      8      8192   262144  262144  32     32     0      0      Shared        Load   32     4      24576  32768  8192   0      0      0      0      0      0      0      0      7      0      0      0      1      0      0      0      0      0      0      0      0      0      0      0      0      7      0      0      0      0      0      0      0      0     
0x7f96775adc90           LOP3.LUT R142, R142, 0x70, R5, 0x78, !PT               0      0      0      8192   262144  262144  32     32     0      0      -             -      -      0      0      0      0      0      0      0      0      0      0      0      0      0      0      0      0      0      0      0      0      0      0      0      0      0      0      0      0      0      0      0      0      0      0      0      0      0      0     
0x7f96775adca0           SHF.R.U32.HI R0, RZ, 0x3, R137                         1      0      1      8192   262144  262144  32     32     0      0      -             -      -      0      0      0      0      0      0      0      0      0      0      0      0      0      0      0      0      1      0      0      0      0      0      0      0      0      0      0      0      0      0      0      0      0      0      0      0      0      0     
0x7f96775adcb0           LDS R91, [R91]                                         5      5      5      8192   262144  262144  32     32     0      0      Shared        Load   32     4      24576  32768  8192   0      0      0      0      0      0      0      0      5      0      0      0      0      0      0      0      0      0      0      0      0      0      0      0      0      5      0      0      0      0      0      0      0      0     
0x7f96775adcc0           SHF.R.U32.HI R2, RZ, 0x3, R145                         1      0      1      8192   262144  262144  32     32     0      0      -             -      -      0      0      0      0      0      0      0      0      0      0      0      0      0      0      0      0      1      0      0      0      0      0      0      0      0      0      0      0      0      0      0      0      0      0      0      0      0      0     
0x7f96775adcd0           SHF.R.U32.HI R5, RZ, 0x3, R138                         1      1      1      8192   262144  262144  32     32     0      0      -             -      -      0      0      0      0      0      0      0      0      0      0      0      0      0      0      0      0      0      0      0      0      1      0      0      0      0      0      0      0      0      0      0      0      0      0      0      0      0      1     
0x7f96775adce0           LDS R92, [R92]                                         10     9      10     8192   262144  262144  32     32     0      0      Shared        Load   32     4      24576  32768  8192   0      0      0      0      0      0      0      0      9      0      0      0      1      0      0      0      0      0      0      0      0      0      0      0      0      9      0      0      0      0      0      0      0      0     
0x7f96775adcf0           LOP3.LUT R148, R148, 0x70, R3, 0x78, !PT               0      0      0      8192   262144  262144  32     32     0      0      -             -      -      0      0      0      0      0      0      0      0      0      0      0      0      0      0      0      0      0      0      0      0      0      0      0      0      0      0      0      0      0      0      0      0      0      0      0      0      0      0     
0x7f96775add00           SHF.R.U32.HI R3, RZ, 0x3, R140                         1      0      1      8192   262144  262144  32     32     0      0      -             -      -      0      0      0      0      0      0      0      0      0      0      0      0      0      0      0      0      1      0      0      0      0      0      0      0      0      0      0      0      0      0      0      0      0      0      0      0      0      0     
0x7f96775add10           LDS R93, [R93]                                         6      5      6      8192   262144  262144  32     32     0      0      Shared        Load   32     4      24576  32768  8192   0      0      0      0      0      0      0      0      5      0      0      0      1      0      0      0      0      0      0      0      0      0      0      0      0      5      0      0      0      0      0      0      0      0     
0x7f96775add20           LOP3.LUT R137, R137, 0x70, R0, 0x78, !PT               0      0      0      8192   262144  262144  32     32     0      0      -             -      -      0      0      0      0      0      0      0      0      0      0      0      0      0      0      0      0      0      0      0      0      0      0      0      0      0      0      0      0      0      0      0      0      0      0      0      0      0      0     
0x7f96775add30           LOP3.LUT R145, R145, 0x70, R2, 0x78, !PT               0      0      0      8192   262144  262144  32     32     0      0      -             -      -      0      0      0      0      0      0      0      0      0      0      0      0      0      0      0      0      0      0      0      0      0      0      0      0      0      0      0      0      0      0      0      0      0      0      0      0      0      0     
0x7f96775add40           VIADD R2, R15, 0xc0bc                                  0      0      0      8192   262144  262144  32     32     0      0      -             -      -      0      0      0      0      0      0      0      0      0      0      0      0      0      0      0      0      0      0      0      0      0      0      0      0      0      0      0      0      0      0      0      0      0      0      0      0      0      0     
0x7f96775add50           LOP3.LUT R138, R138, 0x70, R5, 0x78, !PT               0      0      0      8192   262144  262144  32     32     0      0      -             -      -      0      0      0      0      0      0      0      0      0      0      0      0      0      0      0      0      0      0      0      0      0      0      0      0      0      0      0      0      0      0      0      0      0      0      0      0      0      0     
0x7f96775add60           LDS R94, [R94]                                         9      8      9      8192   262144  262144  32     32     0      0      Shared        Load   32     4      24576  32768  8192   0      0      0      0      0      0      0      0      8      0      0      0      1      0      0      0      0      0      0      0      0      0      0      0      0      8      0      0      0      0      0      0      0      0     
0x7f96775add70           SHF.R.U32.HI R0, RZ, 0x3, R135                         1      0      1      8192   262144  262144  32     32     0      0      -             -      -      0      0      0      0      0      0      0      0      0      0      0      0      0      0      0      0      1      0      0      0      0      0      0      0      0      0      0      0      0      0      0      0      0      0      0      0      0      0     
0x7f96775add80           SHF.R.U32.HI R5, RZ, 0x3, R134                         0      0      0      8192   262144  262144  32     32     0      0      -             -      -      0      0      0      0      0      0      0      0      0      0      0      0      0      0      0      0      0      0      0      0      0      0      0      0      0      0      0      0      0      0      0      0      0      0      0      0      0      0     
0x7f96775add90           LDS R95, [R95]                                         7      6      7      8192   262144  262144  32     32     0      0      Shared        Load   32     4      24576  32768  8192   0      0      0      0      0      0      0      0      6      0      0      0      1      0      0      0      0      0      0      0      0      0      0      0      0      6      0      0      0      0      0      0      0      0     
0x7f96775adda0           LOP3.LUT R140, R140, 0x70, R3, 0x78, !PT               1      0      1      8192   262144  262144  32     32     0      0      -             -      -      0      0      0      0      0      0      0      0      0      0      0      0      0      0      0      0      1      0      0      0      0      0      0      0      0      0      0      0      0      0      0      0      0      0      0      0      0      0     
0x7f96775addb0           SHF.R.U32.HI R3, RZ, 0x3, R136                         2      1      2      8192   262144  262144  32     32     0      0      -             -      -      0      0      0      0      0      0      0      0      0      0      0      0      0      0      0      0      1      0      0      0      1      0      0      0      0      0      0      0      0      0      0      0      0      0      0      0      0      1     
0x7f96775addc0           LDS R96, [R96]                                         8      7      8      8192   262144  262144  32     32     0      0      Shared        Load   32     4      24576  32768  8192   0      0      0      0      0      0      0      0      7      0      0      0      1      0      0      0      0      0      0      0      0      0      0      0      0      7      0      0      0      0      0      0      0      0     
0x7f96775addd0           LOP3.LUT R135, R135, 0x70, R0, 0x78, !PT               3      0      3      8192   262144  262144  32     32     0      0      -             -      -      0      0      0      0      0      0      0      0      0      0      0      0      0      0      0      0      3      0      0      0      0      0      0      0      0      0      0      0      0      0      0      0      0      0      0      0      0      0     
0x7f96775adde0           LOP3.LUT R134, R134, 0x70, R5, 0x78, !PT               0      0      0      8192   262144  262144  32     32     0      0      -             -      -      0      0      0      0      0      0      0      0      0      0      0      0      0      0      0      0      0      0      0      0      0      0      0      0      0      0      0      0      0      0      0      0      0      0      0      0      0      0     
0x7f96775addf0           LDS R97, [R97]                                         5      5      5      8192   262144  262144  32     32     0      0      Shared        Load   32     4      24576  32768  8192   0      0      0      0      0      0      0      0      5      0      0      0      0      0      0      0      0      0      0      0      0      0      0      0      0      5      0      0      0      0      0      0      0      0     
0x7f96775ade00           SHF.R.U32.HI R0, RZ, 0x3, R133                         1      0      1      8192   262144  262144  32     32     0      0      -             -      -      0      0      0      0      0      0      0      0      0      0      0      0      0      0      0      0      1      0      0      0      0      0      0      0      0      0      0      0      0      0      0      0      0      0      0      0      0      0     
0x7f96775ade10           SHF.R.U32.HI R5, RZ, 0x3, R2                           2      2      2      8192   262144  262144  32     32     0      0      -             -      -      0      0      0      0      0      0      0      0      0      0      0      0      0      0      0      0      0      0      0      0      2      0      0      0      0      0      0      0      0      0      0      0      0      0      0      0      0      2     
0x7f96775ade20           LDS R98, [R98]                                         3      2      3      8192   262144  262144  32     32     0      0      Shared        Load   32     4      24576  32768  8192   0      0      0      0      0      0      0      0      2      0      0      0      1      0      0      0      0      0      0      0      0      0      0      0      0      2      0      0      0      0      0      0      0      0     
0x7f96775ade30           LOP3.LUT R136, R136, 0x70, R3, 0x78, !PT               0      0      0      8192   262144  262144  32     32     0      0      -             -      -      0      0      0      0      0      0      0      0      0      0      0      0      0      0      0      0      0      0      0      0      0      0      0      0      0      0      0      0      0      0      0      0      0      0      0      0      0      0     
0x7f96775ade40           SHF.R.U32.HI R7, RZ, 0x3, R4                           1      1      1      8192   262144  262144  32     32     0      0      -             -      -      0      0      0      0      0      0      0      0      0      0      0      0      0      0      0      0      0      0      0      0      1      0      0      0      0      0      0      0      0      0      0      0      0      0      0      0      0      1     
0x7f96775ade50           LDS R99, [R99]                                         5      4      5      8192   262144  262144  32     32     0      0      Shared        Load   32     4      24576  32768  8192   0      0      0      0      0      0      0      0      4      0      0      0      1      0      0      0      0      0      0      0      0      0      0      0      0      4      0      0      0      0      0      0      0      0     
0x7f96775ade60           SHF.R.U32.HI R3, RZ, 0x3, R132                         0      0      0      8192   262144  262144  32     32     0      0      -             -      -      0      0      0      0      0      0      0      0      0      0      0      0      0      0      0      0      0      0      0      0      0      0      0      0      0      0      0      0      0      0      0      0      0      0      0      0      0      0     
0x7f96775ade70           LOP3.LUT R133, R133, 0x70, R0, 0x78, !PT               2      0      2      8192   262144  262144  32     32     0      0      -             -      -      0      0      0      0      0      0      0      0      0      0      0      0      0      0      0      0      2      0      0      0      0      0      0      0      0      0      0      0      0      0      0      0      0      0      0      0      0      0     
0x7f96775ade80           LDS R100, [R100]                                       4      3      4      8192   262144  262144  32     32     0      0      Shared        Load   32     4      24576  32768  8192   0      0      0      0      0      0      0      0      3      0      0      0      1      0      0      0      0      0      0      0      0      0      0      0      0      3      0      0      0      0      0      0      0      0     
0x7f96775ade90           LOP3.LUT R0, R2, 0x70, R5, 0x78, !PT                   0      0      0      8192   262144  262144  32     32     0      0      -             -      -      0      0      0      0      0      0      0      0      0      0      0      0      0      0      0      0      0      0      0      0      0      0      0      0      0      0      0      0      0      0      0      0      0      0      0      0      0      0     
0x7f96775adea0           LOP3.LUT R2, R4, 0x70, R7, 0x78, !PT                   1      0      1      8192   262144  262144  32     32     0      0      -             -      -      0      0      0      0      0      0      0      0      0      0      0      0      0      0      0      0      1      0      0      0      0      0      0      0      0      0      0      0      0      0      0      0      0      0      0      0      0      0     
0x7f96775adeb0           VIADD R4, R15, 0xc0c8                                  0      0      0      8192   262144  262144  32     32     0      0      -             -      -      0      0      0      0      0      0      0      0      0      0      0      0      0      0      0      0      0      0      0      0      0      0      0      0      0      0      0      0      0      0      0      0      0      0      0      0      0      0     
0x7f96775adec0           LOP3.LUT R132, R132, 0x70, R3, 0x78, !PT               0      0      0      8192   262144  262144  32     32     0      0      -             -      -      0      0      0      0      0      0      0      0      0      0      0      0      0      0      0      0      0      0      0      0      0      0      0      0      0      0      0      0      0      0      0      0      0      0      0      0      0      0     
0x7f96775aded0           VIADD R7, R15, 0xc0cc                                  0      0      0      8192   262144  262144  32     32     0      0      -             -      -      0      0      0      0      0      0      0      0      0      0      0      0      0      0      0      0      0      0      0      0      0      0      0      0      0      0      0      0      0      0      0      0      0      0      0      0      0      0     
0x7f96775adee0           SHF.R.U32.HI R3, RZ, 0x3, R6                           1      0      1      8192   262144  262144  32     32     0      0      -             -      -      0      0      0      0      0      0      0      0      0      0      0      0      0      0      0      0      1      0      0      0      0      0      0      0      0      0      0      0      0      0      0      0      0      0      0      0      0      0     
0x7f96775adef0           LDS R101, [R101]                                       5      5      5      8192   262144  262144  32     32     0      0      Shared        Load   32     4      24576  32768  8192   0      0      0      0      0      0      0      0      5      0      0      0      0      0      0      0      0      0      0      0      0      0      0      0      0      5      0      0      0      0      0      0      0      0     
0x7f96775adf00           SHF.R.U32.HI R5, RZ, 0x3, R4                           0      0      0      8192   262144  262144  32     32     0      0      -             -      -      0      0      0      0      0      0      0      0      0      0      0      0      0      0      0      0      0      0      0      0      0      0      0      0      0      0      0      0      0      0      0      0      0      0      0      0      0      0     
0x7f96775adf10           LOP3.LUT R3, R6, 0x70, R3, 0x78, !PT                   1      0      1      8192   262144  262144  32     32     0      0      -             -      -      0      0      0      0      0      0      0      0      0      0      0      0      0      0      0      0      1      0      0      0      0      0      0      0      0      0      0      0      0      0      0      0      0      0      0      0      0      0     
0x7f96775adf20           LDS R102, [R102]                                       6      6      6      8192   262144  262144  32     32     0      0      Shared        Load   32     4      24576  32768  8192   0      0      0      0      0      0      0      0      6      0      0      0      0      0      0      0      0      0      0      0      0      0      0      0      0      6      0      0      0      0      0      0      0      0     
0x7f96775adf30           SHF.R.U32.HI R6, RZ, 0x3, R7                           0      0      0      8192   262144  262144  32     32     0      0      -             -      -      0      0      0      0      0      0      0      0      0      0      0      0      0      0      0      0      0      0      0      0      0      0      0      0      0      0      0      0      0      0      0      0      0      0      0      0      0      0     
0x7f96775adf40           SHF.R.U32.HI R9, RZ, 0x3, R8                           1      0      1      8192   262144  262144  32     32     0      0      -             -      -      0      0      0      0      0      0      0      0      0      0      0      0      0      0      0      0      1      0      0      0      0      0      0      0      0      0      0      0      0      0      0      0      0      0      0      0      0      0     
0x7f96775adf50           LDS R103, [R103]                                       6      6      6      8192   262144  262144  32     32     0      0      Shared        Load   32     4      24576  32768  8192   0      0      0      0      0      0      0      0      6      0      0      0      0      0      0      0      0      0      0      0      0      0      0      0      0      6      0      0      0      0      0      0      0      0     
0x7f96775adf60           LOP3.LUT R4, R4, 0x70, R5, 0x78, !PT                   0      0      0      8192   262144  262144  32     32     0      0      -             -      -      0      0      0      0      0      0      0      0      0      0      0      0      0      0      0      0      0      0      0      0      0      0      0      0      0      0      0      0      0      0      0      0      0      0      0      0      0      0     
0x7f96775adf70           LOP3.LUT R5, R7, 0x70, R6, 0x78, !PT                   0      0      0      8192   262144  262144  32     32     0      0      -             -      -      0      0      0      0      0      0      0      0      0      0      0      0      0      0      0      0      0      0      0      0      0      0      0      0      0      0      0      0      0      0      0      0      0      0      0      0      0      0     
0x7f96775adf80           LDS R104, [R104]                                       9      9      9      8192   262144  262144  32     32     0      0      Shared        Load   32     4      24576  32768  8192   0      0      0      0      0      0      0      0      9      0      0      0      0      0      0      0      0      0      0      0      0      0      0      0      0      9      0      0      0      0      0      0      0      0     
0x7f96775adf90           LOP3.LUT R6, R8, 0x70, R9, 0x78, !PT                   0      0      0      8192   262144  262144  32     32     0      0      -             -      -      0      0      0      0      0      0      0      0      0      0      0      0      0      0      0      0      0      0      0      0      0      0      0      0      0      0      0      0      0      0      0      0      0      0      0      0      0      0     
0x7f96775adfa0           VIADD R8, R15, 0xc0d8                                  0      0      0      8192   262144  262144  32     32     0      0      -             -      -      0      0      0      0      0      0      0      0      0      0      0      0      0      0      0      0      0      0      0      0      0      0      0      0      0      0      0      0      0      0      0      0      0      0      0      0      0      0     
0x7f96775adfb0           SHF.R.U32.HI R7, RZ, 0x3, R10                          1      0      1      8192   262144  262144  32     32     0      0      -             -      -      0      0      0      0      0      0      0      0      0      0      0      0      0      0      0      0      1      0      0      0      0      0      0      0      0      0      0      0      0      0      0      0      0      0      0      0      0      0     
0x7f96775adfc0           LDS R105, [R105]                                       13     13     13     8192   262144  262144  32     32     0      0      Shared        Load   32     4      24576  32768  8192   0      0      0      0      0      0      0      0      13     0      0      0      0      0      0      0      0      0      0      0      0      0      0      0      0      13     0      0      0      0      0      0      0      0     
0x7f96775adfd0           SHF.R.U32.HI R14, RZ, 0x3, R13                         0      0      0      8192   262144  262144  32     32     0      0      -             -      -      0      0      0      0      0      0      0      0      0      0      0      0      0      0      0      0      0      0      0      0      0      0      0      0      0      0      0      0      0      0      0      0      0      0      0      0      0      0     
0x7f96775adfe0           LOP3.LUT R7, R10, 0x70, R7, 0x78, !PT                  1      1      1      8192   262144  262144  32     32     0      0      -             -      -      0      0      0      0      0      0      0      0      0      0      0      0      0      0      0      0      0      0      0      0      1      0      0      0      0      0      0      0      0      0      0      0      0      0      0      0      0      1     
0x7f96775adff0           LDS R106, [R106]                                       6      6      6      8192   262144  262144  32     32     0      0      Shared        Load   32     4      24576  32768  8192   0      0      0      0      0      0      0      0      6      0      0      0      0      0      0      0      0      0      0      0      0      0      0      0      0      6      0      0      0      0      0      0      0      0     
0x7f96775ae000           SHF.R.U32.HI R9, RZ, 0x3, R8                           0      0      0      8192   262144  262144  32     32     0      0      -             -      -      0      0      0      0      0      0      0      0      0      0      0      0      0      0      0      0      0      0      0      0      0      0      0      0      0      0      0      0      0      0      0      0      0      0      0      0      0      0     
0x7f96775ae010           SHF.R.U32.HI R10, RZ, 0x3, R11                         1      1      1      8192   262144  262144  32     32     0      0      -             -      -      0      0      0      0      0      0      0      0      0      0      0      0      0      0      0      0      0      0      0      0      1      0      0      0      0      0      0      0      0      0      0      0      0      0      0      0      0      1     
0x7f96775ae020           LDS R107, [R107]                                       7      6      7      8192   262144  262144  32     32     0      0      Shared        Load   32     4      24576  32768  8192   0      0      0      0      0      0      0      0      6      0      0      0      1      0      0      0      0      0      0      0      0      0      0      0      0      6      0      0      0      0      0      0      0      0     
0x7f96775ae030           LOP3.LUT R8, R8, 0x70, R9, 0x78, !PT                   0      0      0      8192   262144  262144  32     32     0      0      -             -      -      0      0      0      0      0      0      0      0      0      0      0      0      0      0      0      0      0      0      0      0      0      0      0      0      0      0      0      0      0      0      0      0      0      0      0      0      0      0     
0x7f96775ae040           LOP3.LUT R9, R11, 0x70, R10, 0x78, !PT                 1      0      1      8192   262144  262144  32     32     0      0      -             -      -      0      0      0      0      0      0      0      0      0      0      0      0      0      0      0      0      1      0      0      0      0      0      0      0      0      0      0      0      0      0      0      0      0      0      0      0      0      0     
0x7f96775ae050           LDS R108, [R108]                                       3      3      3      8192   262144  262144  32     32     0      0      Shared        Load   32     4      24576  32768  8192   0      0      0      0      0      0      0      0      3      0      0      0      0      0      0      0      0      0      0      0      0      0      0      0      0      3      0      0      0      0      0      0      0      0     
0x7f96775ae060           LOP3.LUT R10, R13, 0x70, R14, 0x78, !PT                2      0      2      8192   262144  262144  32     32     0      0      -             -      -      0      0      0      0      0      0      0      0      0      0      0      0      0      0      0      0      2      0      0      0      0      0      0      0      0      0      0      0      0      0      0      0      0      0      0      0      0      0     
0x7f96775ae070           VIADD R13, R15, 0xc0e8                                 0      0      0      8192   262144  262144  32     32     0      0      -             -      -      0      0      0      0      0      0      0      0      0      0      0      0      0      0      0      0      0      0      0      0      0      0      0      0      0      0      0      0      0      0      0      0      0      0      0      0      0      0     
0x7f96775ae080           SHF.R.U32.HI R11, RZ, 0x3, R16                         1      0      1      8192   262144  262144  32     32     0      0      -             -      -      0      0      0      0      0      0      0      0      0      0      0      0      0      0      0      0      1      0      0      0      0      0      0      0      0      0      0      0      0      0      0      0      0      0      0      0      0      0     
0x7f96775ae090           LDS R109, [R109]                                       8      8      8      8192   262144  262144  32     32     0      0      Shared        Load   32     4      24576  32768  8192   0      0      0      0      0      0      0      0      8      0      0      0      0      0      0      0      0      0      0      0      0      0      0      0      0      8      0      0      0      0      0      0      0      0     
0x7f96775ae0a0           SHF.R.U32.HI R19, RZ, 0x3, R18                         0      0      0      8192   262144  262144  32     32     0      0      -             -      -      0      0      0      0      0      0      0      0      0      0      0      0      0      0      0      0      0      0      0      0      0      0      0      0      0      0      0      0      0      0      0      0      0      0      0      0      0      0     
0x7f96775ae0b0           LOP3.LUT R11, R16, 0x70, R11, 0x78, !PT                0      0      0      8192   262144  262144  32     32     0      0      -             -      -      0      0      0      0      0      0      0      0      0      0      0      0      0      0      0      0      0      0      0      0      0      0      0      0      0      0      0      0      0      0      0      0      0      0      0      0      0      0     
0x7f96775ae0c0           LDS R110, [R110]                                       3      3      3      8192   262144  262144  32     32     0      0      Shared        Load   32     4      24576  32768  8192   0      0      0      0      0      0      0      0      3      0      0      0      0      0      0      0      0      0      0      0      0      0      0      0      0      3      0      0      0      0      0      0      0      0     
0x7f96775ae0d0           SHF.R.U32.HI R14, RZ, 0x3, R13                         1      0      1      8192   262144  262144  32     32     0      0      -             -      -      0      0      0      0      0      0      0      0      0      0      0      0      0      0      0      0      1      0      0      0      0      0      0      0      0      0      0      0      0      0      0      0      0      0      0      0      0      0     
0x7f96775ae0e0           SHF.R.U32.HI R16, RZ, 0x3, R17                         0      0      0      8192   262144  262144  32     32     0      0      -             -      -      0      0      0      0      0      0      0      0      0      0      0      0      0      0      0      0      0      0      0      0      0      0      0      0      0      0      0      0      0      0      0      0      0      0      0      0      0      0     
0x7f96775ae0f0           LDS R111, [R111]                                       7      7      7      8192   262144  262144  32     32     0      0      Shared        Load   32     4      24576  32768  8192   0      0      0      0      0      0      0      0      7      0      0      0      0      0      0      0      0      0      0      0      0      0      0      0      0      7      0      0      0      0      0      0      0      0     
0x7f96775ae100           LOP3.LUT R12, R13, 0x70, R14, 0x78, !PT                0      0      0      8192   262144  262144  32     32     0      0      -             -      -      0      0      0      0      0      0      0      0      0      0      0      0      0      0      0      0      0      0      0      0      0      0      0      0      0      0      0      0      0      0      0      0      0      0      0      0      0      0     
0x7f96775ae110           LOP3.LUT R13, R17, 0x70, R16, 0x78, !PT                2      0      2      8192   262144  262144  32     32     0      0      -             -      -      0      0      0      0      0      0      0      0      0      0      0      0      0      0      0      0      2      0      0      0      0      0      0      0      0      0      0      0      0      0      0      0      0      0      0      0      0      0     
0x7f96775ae120           VIADD R16, R15, 0xc0f4                                 1      0      1      8192   262144  262144  32     32     0      0      -             -      -      0      0      0      0      0      0      0      0      0      0      0      0      0      0      0      0      1      0      0      0      0      0      0      0      0      0      0      0      0      0      0      0      0      0      0      0      0      0     
0x7f96775ae130           LOP3.LUT R17, R20, 0xc07c, RZ, 0xc0, !PT               1      0      1      8192   262144  262144  32     32     0      0      -             -      -      0      0      0      0      0      0      0      0      0      0      0      0      0      0      0      0      1      0      0      0      0      0      0      0      0      0      0      0      0      0      0      0      0      0      0      0      0      0     
0x7f96775ae140           VIADD R20, R15, 0xc0fc                                 0      0      0      8192   262144  262144  32     32     0      0      -             -      -      0      0      0      0      0      0      0      0      0      0      0      0      0      0      0      0      0      0      0      0      0      0      0      0      0      0      0      0      0      0      0      0      0      0      0      0      0      0     
0x7f96775ae150           LOP3.LUT R14, R18, 0x70, R19, 0x78, !PT                0      0      0      8192   262144  262144  32     32     0      0      -             -      -      0      0      0      0      0      0      0      0      0      0      0      0      0      0      0      0      0      0      0      0      0      0      0      0      0      0      0      0      0      0      0      0      0      0      0      0      0      0     
0x7f96775ae160           VIADD R18, R15, 0xc0f8                                 0      0      0      8192   262144  262144  32     32     0      0      -             -      -      0      0      0      0      0      0      0      0      0      0      0      0      0      0      0      0      0      0      0      0      0      0      0      0      0      0      0      0      0      0      0      0      0      0      0      0      0      0     
0x7f96775ae170           LDS R112, [R112]                                       4      4      4      8192   262144  262144  32     32     0      0      Shared        Load   32     4      24576  32768  8192   0      0      0      0      0      0      0      0      4      0      0      0      0      0      0      0      0      0      0      0      0      0      0      0      0      4      0      0      0      0      0      0      0      0     
0x7f96775ae180           VIADD R15, R17, UR5                                    0      0      0      8192   262144  262144  32     32     0      0      -             -      -      0      0      0      0      0      0      0      0      0      0      0      0      0      0      0      0      0      0      0      0      0      0      0      0      0      0      0      0      0      0      0      0      0      0      0      0      0      0     
0x7f96775ae190           SHF.R.U32.HI R17, RZ, 0x3, R16                         1      0      1      8192   262144  262144  32     32     0      0      -             -      -      0      0      0      0      0      0      0      0      0      0      0      0      0      0      0      0      1      0      0      0      0      0      0      0      0      0      0      0      0      0      0      0      0      0      0      0      0      0     
0x7f96775ae1a0           SHF.R.U32.HI R19, RZ, 0x3, R18                         1      1      1      8192   262144  262144  32     32     0      0      -             -      -      0      0      0      0      0      0      0      0      0      0      0      0      0      0      0      0      0      0      0      0      1      0      0      0      0      0      0      0      0      0      0      0      0      0      0      0      0      1     
0x7f96775ae1b0           VIADD R22, R15, 0x10080                                0      0      0      8192   262144  262144  32     32     0      0      -             -      -      0      0      0      0      0      0      0      0      0      0      0      0      0      0      0      0      0      0      0      0      0      0      0      0      0      0      0      0      0      0      0      0      0      0      0      0      0      0     
0x7f96775ae1c0           SHF.R.U32.HI R21, RZ, 0x3, R20                         0      0      0      8192   262144  262144  32     32     0      0      -             -      -      0      0      0      0      0      0      0      0      0      0      0      0      0      0      0      0      0      0      0      0      0      0      0      0      0      0      0      0      0      0      0      0      0      0      0      0      0      0     
0x7f96775ae1d0           VIADD R23, R15, 0x10180                                0      0      0      8192   262144  262144  32     32     0      0      -             -      -      0      0      0      0      0      0      0      0      0      0      0      0      0      0      0      0      0      0      0      0      0      0      0      0      0      0      0      0      0      0      0      0      0      0      0      0      0      0     
0x7f96775ae1e0           LOP3.LUT R16, R16, 0x70, R17, 0x78, !PT                0      0      0      8192   262144  262144  32     32     0      0      -             -      -      0      0      0      0      0      0      0      0      0      0      0      0      0      0      0      0      0      0      0      0      0      0      0      0      0      0      0      0      0      0      0      0      0      0      0      0      0      0     
0x7f96775ae1f0           VIADD R24, R15, 0x10200                                0      0      0      8192   262144  262144  32     32     0      0      -             -      -      0      0      0      0      0      0      0      0      0      0      0      0      0      0      0      0      0      0      0      0      0      0      0      0      0      0      0      0      0      0      0      0      0      0      0      0      0      0     
0x7f96775ae200           LOP3.LUT R17, R18, 0x70, R19, 0x78, !PT                0      0      0      8192   262144  262144  32     32     0      0      -             -      -      0      0      0      0      0      0      0      0      0      0      0      0      0      0      0      0      0      0      0      0      0      0      0      0      0      0      0      0      0      0      0      0      0      0      0      0      0      0     
0x7f96775ae210           VIADD R26, R15, 0x10280                                0      0      0      8192   262144  262144  32     32     0      0      -             -      -      0      0      0      0      0      0      0      0      0      0      0      0      0      0      0      0      0      0      0      0      0      0      0      0      0      0      0      0      0      0      0      0      0      0      0      0      0      0     
0x7f96775ae220           LOP3.LUT R18, R20, 0x70, R21, 0x78, !PT                1      0      1      8192   262144  262144  32     32     0      0      -             -      -      0      0      0      0      0      0      0      0      0      0      0      0      0      0      0      0      1      0      0      0      0      0      0      0      0      0      0      0      0      0      0      0      0      0      0      0      0      0     
0x7f96775ae230           VIADD R20, R15, 0x10100                                0      0      0      8192   262144  262144  32     32     0      0      -             -      -      0      0      0      0      0      0      0      0      0      0      0      0      0      0      0      0      0      0      0      0      0      0      0      0      0      0      0      0      0      0      0      0      0      0      0      0      0      0     
0x7f96775ae240           SHF.R.U32.HI R19, RZ, 0x2, R22                         1      0      1      8192   262144  262144  32     32     0      0      -             -      -      0      0      0      0      0      0      0      0      0      0      0      0      0      0      0      0      1      0      0      0      0      0      0      0      0      0      0      0      0      0      0      0      0      0      0      0      0      0     
0x7f96775ae250           VIADD R27, R15, 0x10380                                0      0      0      8192   262144  262144  32     32     0      0      -             -      -      0      0      0      0      0      0      0      0      0      0      0      0      0      0      0      0      0      0      0      0      0      0      0      0      0      0      0      0      0      0      0      0      0      0      0      0      0      0     
0x7f96775ae260           SHF.R.U32.HI R25, RZ, 0x2, R24                         0      0      0      8192   262144  262144  32     32     0      0      -             -      -      0      0      0      0      0      0      0      0      0      0      0      0      0      0      0      0      0      0      0      0      0      0      0      0      0      0      0      0      0      0      0      0      0      0      0      0      0      0     
0x7f96775ae270           VIADD R28, R15, 0x10400                                0      0      0      8192   262144  262144  32     32     0      0      -             -      -      0      0      0      0      0      0      0      0      0      0      0      0      0      0      0      0      0      0      0      0      0      0      0      0      0      0      0      0      0      0      0      0      0      0      0      0      0      0     
0x7f96775ae280           LOP3.LUT R19, R22, 0x60, R19, 0x78, !PT                0      0      0      8192   262144  262144  32     32     0      0      -             -      -      0      0      0      0      0      0      0      0      0      0      0      0      0      0      0      0      0      0      0      0      0      0      0      0      0      0      0      0      0      0      0      0      0      0      0      0      0      0     
0x7f96775ae290           VIADD R30, R15, 0x10480                                0      0      0      8192   262144  262144  32     32     0      0      -             -      -      0      0      0      0      0      0      0      0      0      0      0      0      0      0      0      0      0      0      0      0      0      0      0      0      0      0      0      0      0      0      0      0      0      0      0      0      0      0     
0x7f96775ae2a0           SHF.R.U32.HI R21, RZ, 0x2, R20                         3      0      3      8192   262144  262144  32     32     0      0      -             -      -      0      0      0      0      0      0      0      0      0      0      0      0      0      0      0      0      3      0      0      0      0      0      0      0      0      0      0      0      0      0      0      0      0      0      0      0      0      0     
0x7f96775ae2b0           VIADD R31, R15, 0x10580                                0      0      0      8192   262144  262144  32     32     0      0      -             -      -      0      0      0      0      0      0      0      0      0      0      0      0      0      0      0      0      0      0      0      0      0      0      0      0      0      0      0      0      0      0      0      0      0      0      0      0      0      0     
0x7f96775ae2c0           SHF.R.U32.HI R22, RZ, 0x2, R23                         1      0      1      8192   262144  262144  32     32     0      0      -             -      -      0      0      0      0      0      0      0      0      0      0      0      0      0      0      0      0      1      0      0      0      0      0      0      0      0      0      0      0      0      0      0      0      0      0      0      0      0      0     
0x7f96775ae2d0           VIADD R32, R15, 0x10600                                0      0      0      8192   262144  262144  32     32     0      0      -             -      -      0      0      0      0      0      0      0      0      0      0      0      0      0      0      0      0      0      0      0      0      0      0      0      0      0      0      0      0      0      0      0      0      0      0      0      0      0      0     
0x7f96775ae2e0           LOP3.LUT R20, R20, 0x60, R21, 0x78, !PT                1      0      1      8192   262144  262144  32     32     0      0      -             -      -      0      0      0      0      0      0      0      0      0      0      0      0      0      0      0      0      1      0      0      0      0      0      0      0      0      0      0      0      0      0      0      0      0      0      0      0      0      0     
0x7f96775ae2f0           VIADD R34, R15, 0x10680                                0      0      0      8192   262144  262144  32     32     0      0      -             -      -      0      0      0      0      0      0      0      0      0      0      0      0      0      0      0      0      0      0      0      0      0      0      0      0      0      0      0      0      0      0      0      0      0      0      0      0      0      0     
0x7f96775ae300           LOP3.LUT R21, R23, 0x60, R22, 0x78, !PT                0      0      0      8192   262144  262144  32     32     0      0      -             -      -      0      0      0      0      0      0      0      0      0      0      0      0      0      0      0      0      0      0      0      0      0      0      0      0      0      0      0      0      0      0      0      0      0      0      0      0      0      0     
0x7f96775ae310           VIADD R35, R15, 0x10780                                0      0      0      8192   262144  262144  32     32     0      0      -             -      -      0      0      0      0      0      0      0      0      0      0      0      0      0      0      0      0      0      0      0      0      0      0      0      0      0      0      0      0      0      0      0      0      0      0      0      0      0      0     
0x7f96775ae320           LOP3.LUT R22, R24, 0x60, R25, 0x78, !PT                0      0      0      8192   262144  262144  32     32     0      0      -             -      -      0      0      0      0      0      0      0      0      0      0      0      0      0      0      0      0      0      0      0      0      0      0      0      0      0      0      0      0      0      0      0      0      0      0      0      0      0      0     
0x7f96775ae330           VIADD R24, R15, 0x10300                                1      0      1      8192   262144  262144  32     32     0      0      -             -      -      0      0      0      0      0      0      0      0      0      0      0      0      0      0      0      0      1      0      0      0      0      0      0      0      0      0      0      0      0      0      0      0      0      0      0      0      0      0     
0x7f96775ae340           SHF.R.U32.HI R23, RZ, 0x2, R26                         0      0      0      8192   262144  262144  32     32     0      0      -             -      -      0      0      0      0      0      0      0      0      0      0      0      0      0      0      0      0      0      0      0      0      0      0      0      0      0      0      0      0      0      0      0      0      0      0      0      0      0      0     
0x7f96775ae350           VIADD R36, R15, 0x10800                                1      0      1      8192   262144  262144  32     32     0      0      -             -      -      0      0      0      0      0      0      0      0      0      0      0      0      0      0      0      0      1      0      0      0      0      0      0      0      0      0      0      0      0      0      0      0      0      0      0      0      0      0     
0x7f96775ae360           SHF.R.U32.HI R29, RZ, 0x2, R28                         1      0      1      8192   262144  262144  32     32     0      0      -             -      -      0      0      0      0      0      0      0      0      0      0      0      0      0      0      0      0      1      0      0      0      0      0      0      0      0      0      0      0      0      0      0      0      0      0      0      0      0      0     
0x7f96775ae370           VIADD R150, R15, 0x10880                               1      0      1      8192   262144  262144  32     32     0      0      -             -      -      0      0      0      0      0      0      0      0      0      0      0      0      0      0      0      0      1      0      0      0      0      0      0      0      0      0      0      0      0      0      0      0      0      0      0      0      0      0     
0x7f96775ae380           LOP3.LUT R23, R26, 0x60, R23, 0x78, !PT                0      0      0      8192   262144  262144  32     32     0      0      -             -      -      0      0      0      0      0      0      0      0      0      0      0      0      0      0      0      0      0      0      0      0      0      0      0      0      0      0      0      0      0      0      0      0      0      0      0      0      0      0     
0x7f96775ae390           VIADD R151, R15, 0x10980                               0      0      0      8192   262144  262144  32     32     0      0      -             -      -      0      0      0      0      0      0      0      0      0      0      0      0      0      0      0      0      0      0      0      0      0      0      0      0      0      0      0      0      0      0      0      0      0      0      0      0      0      0     
0x7f96775ae3a0           SHF.R.U32.HI R25, RZ, 0x2, R24                         0      0      0      8192   262144  262144  32     32     0      0      -             -      -      0      0      0      0      0      0      0      0      0      0      0      0      0      0      0      0      0      0      0      0      0      0      0      0      0      0      0      0      0      0      0      0      0      0      0      0      0      0     
0x7f96775ae3b0           LDS R113, [R113]                                       1      0      1      8192   262144  262144  32     32     0      0      Shared        Load   32     4      24576  32768  8192   0      0      0      0      0      0      0      0      0      0      0      0      1      0      0      0      0      0      0      0      0      0      0      0      0      0      0      0      0      0      0      0      0      0     
0x7f96775ae3c0           SHF.R.U32.HI R26, RZ, 0x2, R27                         0      0      0      8192   262144  262144  32     32     0      0      -             -      -      0      0      0      0      0      0      0      0      0      0      0      0      0      0      0      0      0      0      0      0      0      0      0      0      0      0      0      0      0      0      0      0      0      0      0      0      0      0     
0x7f96775ae3d0           VIADD R152, R15, 0x10a80                               1      0      1      8192   262144  262144  32     32     0      0      -             -      -      0      0      0      0      0      0      0      0      0      0      0      0      0      0      0      0      1      0      0      0      0      0      0      0      0      0      0      0      0      0      0      0      0      0      0      0      0      0     
0x7f96775ae3e0           LOP3.LUT R24, R24, 0x60, R25, 0x78, !PT                0      0      0      8192   262144  262144  32     32     0      0      -             -      -      0      0      0      0      0      0      0      0      0      0      0      0      0      0      0      0      0      0      0      0      0      0      0      0      0      0      0      0      0      0      0      0      0      0      0      0      0      0     
0x7f96775ae3f0           LDS R114, [R114]                                       1      0      1      8192   262144  262144  32     32     0      0      Shared        Load   32     4      24576  32768  8192   0      0      0      0      0      0      0      0      0      0      0      0      1      0      0      0      0      0      0      0      0      0      0      0      0      0      0      0      0      0      0      0      0      0     
0x7f96775ae400           LOP3.LUT R25, R27, 0x60, R26, 0x78, !PT                2      2      2      8192   262144  262144  32     32     0      0      -             -      -      0      0      0      0      0      0      0      0      0      0      0      0      0      0      2      0      0      0      0      0      0      0      0      0      0      0      0      0      0      0      0      2      0      0      0      0      0      0     
0x7f96775ae410           VIADD R156, R15, 0x10b80                               3      0      3      8192   262144  262144  32     32     0      0      -             -      -      0      0      0      0      0      0      0      0      0      0      0      0      0      0      0      0      3      0      0      0      0      0      0      0      0      0      0      0      0      0      0      0      0      0      0      0      0      0     
0x7f96775ae420           LOP3.LUT R26, R28, 0x60, R29, 0x78, !PT                1      0      1      8192   262144  262144  32     32     0      0      -             -      -      0      0      0      0      0      0      0      0      0      0      0      0      0      0      0      0      1      0      0      0      0      0      0      0      0      0      0      0      0      0      0      0      0      0      0      0      0      0     
0x7f96775ae430           VIADD R28, R15, 0x10500                                0      0      0      8192   262144  262144  32     32     0      0      -             -      -      0      0      0      0      0      0      0      0      0      0      0      0      0      0      0      0      0      0      0      0      0      0      0      0      0      0      0      0      0      0      0      0      0      0      0      0      0      0     
0x7f96775ae440           SHF.R.U32.HI R27, RZ, 0x2, R30                         0      0      0      8192   262144  262144  32     32     0      0      -             -      -      0      0      0      0      0      0      0      0      0      0      0      0      0      0      0      0      0      0      0      0      0      0      0      0      0      0      0      0      0      0      0      0      0      0      0      0      0      0     
0x7f96775ae450           LDS R115, [R115]                                       0      0      0      8192   262144  262144  32     32     0      0      Shared        Load   32     4      24576  32768  8192   0      0      0      0      0      0      0      0      0      0      0      0      0      0      0      0      0      0      0      0      0      0      0      0      0      0      0      0      0      0      0      0      0      0     
0x7f96775ae460           SHF.R.U32.HI R33, RZ, 0x2, R32                         1      0      1      8192   262144  262144  32     32     0      0      -             -      -      0      0      0      0      0      0      0      0      0      0      0      0      0      0      0      0      1      0      0      0      0      0      0      0      0      0      0      0      0      0      0      0      0      0      0      0      0      0     
0x7f96775ae470           VIADD R154, R15, 0x10b00                               0      0      0      8192   262144  262144  32     32     0      0      -             -      -      0      0      0      0      0      0      0      0      0      0      0      0      0      0      0      0      0      0      0      0      0      0      0      0      0      0      0      0      0      0      0      0      0      0      0      0      0      0     
0x7f96775ae480           LOP3.LUT R27, R30, 0x60, R27, 0x78, !PT                0      0      0      8192   262144  262144  32     32     0      0      -             -      -      0      0      0      0      0      0      0      0      0      0      0      0      0      0      0      0      0      0      0      0      0      0      0      0      0      0      0      0      0      0      0      0      0      0      0      0      0      0     
0x7f96775ae490           LDS R116, [R116]                                       7      6      7      8192   262144  262144  32     32     0      0      Shared        Load   32     4      24576  32768  8192   0      0      0      0      0      0      0      0      6      0      0      0      1      0      0      0      0      0      0      0      0      0      0      0      0      6      0      0      0      0      0      0      0      0     
0x7f96775ae4a0           SHF.R.U32.HI R29, RZ, 0x2, R28                         0      0      0      8192   262144  262144  32     32     0      0      -             -      -      0      0      0      0      0      0      0      0      0      0      0      0      0      0      0      0      0      0      0      0      0      0      0      0      0      0      0      0      0      0      0      0      0      0      0      0      0      0     
0x7f96775ae4b0           SHF.R.U32.HI R30, RZ, 0x2, R31                         0      0      0      8192   262144  262144  32     32     0      0      -             -      -      0      0      0      0      0      0      0      0      0      0      0      0      0      0      0      0      0      0      0      0      0      0      0      0      0      0      0      0      0      0      0      0      0      0      0      0      0      0     
0x7f96775ae4c0           LDS R117, [R117]                                       6      5      6      8192   262144  262144  32     32     0      0      Shared        Load   32     4      24576  32768  8192   0      0      0      0      0      0      0      0      5      0      0      0      1      0      0      0      0      0      0      0      0      0      0      0      0      5      0      0      0      0      0      0      0      0     
0x7f96775ae4d0           LOP3.LUT R28, R28, 0x60, R29, 0x78, !PT                0      0      0      8192   262144  262144  32     32     0      0      -             -      -      0      0      0      0      0      0      0      0      0      0      0      0      0      0      0      0      0      0      0      0      0      0      0      0      0      0      0      0      0      0      0      0      0      0      0      0      0      0     
0x7f96775ae4e0           LOP3.LUT R29, R31, 0x60, R30, 0x78, !PT                2      1      2      8192   262144  262144  32     32     0      0      -             -      -      0      0      0      0      0      0      0      0      0      0      0      0      0      0      0      0      1      0      0      0      1      0      0      0      0      0      0      0      0      0      0      0      0      0      0      0      0      1     
0x7f96775ae4f0           LDS R118, [R118]                                       4      4      4      8192   262144  262144  32     32     0      0      Shared        Load   32     4      24576  32768  8192   0      0      0      0      0      0      0      0      4      0      0      0      0      0      0      0      0      0      0      0      0      0      0      0      0      4      0      0      0      0      0      0      0      0     
0x7f96775ae500           LOP3.LUT R30, R32, 0x60, R33, 0x78, !PT                0      0      0      8192   262144  262144  32     32     0      0      -             -      -      0      0      0      0      0      0      0      0      0      0      0      0      0      0      0      0      0      0      0      0      0      0      0      0      0      0      0      0      0      0      0      0      0      0      0      0      0      0     
0x7f96775ae510           VIADD R32, R15, 0x10700                                0      0      0      8192   262144  262144  32     32     0      0      -             -      -      0      0      0      0      0      0      0      0      0      0      0      0      0      0      0      0      0      0      0      0      0      0      0      0      0      0      0      0      0      0      0      0      0      0      0      0      0      0     
0x7f96775ae520           SHF.R.U32.HI R31, RZ, 0x2, R34                         1      0      1      8192   262144  262144  32     32     0      0      -             -      -      0      0      0      0      0      0      0      0      0      0      0      0      0      0      0      0      1      0      0      0      0      0      0      0      0      0      0      0      0      0      0      0      0      0      0      0      0      0     
0x7f96775ae530           LDS R119, [R119]                                       7      6      7      8192   262144  262144  32     32     0      0      Shared        Load   32     4      24576  32768  8192   0      0      0      0      0      0      0      0      6      0      0      0      1      0      0      0      0      0      0      0      0      0      0      0      0      6      0      0      0      0      0      0      0      0     
0x7f96775ae540           SHF.R.U32.HI R37, RZ, 0x2, R36                         2      0      2      8192   262144  262144  32     32     0      0      -             -      -      0      0      0      0      0      0      0      0      0      0      0      0      0      0      0      0      2      0      0      0      0      0      0      0      0      0      0      0      0      0      0      0      0      0      0      0      0      0     
0x7f96775ae550           LOP3.LUT R31, R34, 0x60, R31, 0x78, !PT                1      0      1      8192   262144  262144  32     32     0      0      -             -      -      0      0      0      0      0      0      0      0      0      0      0      0      0      0      0      0      1      0      0      0      0      0      0      0      0      0      0      0      0      0      0      0      0      0      0      0      0      0     
0x7f96775ae560           LDS R120, [R120]                                       6      6      6      8192   262144  262144  32     32     0      0      Shared        Load   32     4      24576  32768  8192   0      0      0      0      0      0      0      0      6      0      0      0      0      0      0      0      0      0      0      0      0      0      0      0      0      6      0      0      0      0      0      0      0      0     
0x7f96775ae570           SHF.R.U32.HI R33, RZ, 0x2, R32                         1      0      1      8192   262144  262144  32     32     0      0      -             -      -      0      0      0      0      0      0      0      0      0      0      0      0      0      0      0      0      1      0      0      0      0      0      0      0      0      0      0      0      0      0      0      0      0      0      0      0      0      0     
0x7f96775ae580           SHF.R.U32.HI R34, RZ, 0x2, R35                         1      1      1      8192   262144  262144  32     32     0      0      -             -      -      0      0      0      0      0      0      0      0      0      0      0      0      0      0      0      0      0      0      0      0      1      0      0      0      0      0      0      0      0      0      0      0      0      0      0      0      0      1     
0x7f96775ae590           LDS R121, [R121]                                       5      4      5      8192   262144  262144  32     32     0      0      Shared        Load   32     4      24576  32768  8192   0      0      0      0      0      0      0      0      4      0      0      0      1      0      0      0      0      0      0      0      0      0      0      0      0      4      0      0      0      0      0      0      0      0     
0x7f96775ae5a0           LOP3.LUT R32, R32, 0x60, R33, 0x78, !PT                1      0      1      8192   262144  262144  32     32     0      0      -             -      -      0      0      0      0      0      0      0      0      0      0      0      0      0      0      0      0      1      0      0      0      0      0      0      0      0      0      0      0      0      0      0      0      0      0      0      0      0      0     
0x7f96775ae5b0           LOP3.LUT R33, R35, 0x60, R34, 0x78, !PT                2      1      2      8192   262144  262144  32     32     0      0      -             -      -      0      0      0      0      0      0      0      0      0      0      0      0      0      0      0      0      1      0      0      0      1      0      0      0      0      0      0      0      0      0      0      0      0      0      0      0      0      1     
0x7f96775ae5c0           LDS R122, [R122]                                       12     12     12     8192   262144  262144  32     32     0      0      Shared        Load   32     4      24576  32768  8192   0      0      0      0      0      0      0      0      12     0      0      0      0      0      0      0      0      0      0      0      0      0      0      0      0      12     0      0      0      0      0      0      0      0     
0x7f96775ae5d0           LOP3.LUT R34, R36, 0x60, R37, 0x78, !PT                0      0      0      8192   262144  262144  32     32     0      0      -             -      -      0      0      0      0      0      0      0      0      0      0      0      0      0      0      0      0      0      0      0      0      0      0      0      0      0      0      0      0      0      0      0      0      0      0      0      0      0      0     
0x7f96775ae5e0           VIADD R36, R15, 0x10900                                1      0      1      8192   262144  262144  32     32     0      0      -             -      -      0      0      0      0      0      0      0      0      0      0      0      0      0      0      0      0      1      0      0      0      0      0      0      0      0      0      0      0      0      0      0      0      0      0      0      0      0      0     
0x7f96775ae5f0           SHF.R.U32.HI R35, RZ, 0x2, R150                        2      0      2      8192   262144  262144  32     32     0      0      -             -      -      0      0      0      0      0      0      0      0      0      0      0      0      0      0      0      0      2      0      0      0      0      0      0      0      0      0      0      0      0      0      0      0      0      0      0      0      0      0     
0x7f96775ae600           LDS R123, [R123]                                       5      5      5      8192   262144  262144  32     32     0      0      Shared        Load   32     4      24576  32768  8192   0      0      0      0      0      0      0      0      5      0      0      0      0      0      0      0      0      0      0      0      0      0      0      0      0      5      0      0      0      0      0      0      0      0     
0x7f96775ae610           SHF.R.U32.HI R153, RZ, 0x2, R152                       0      0      0      8192   262144  262144  32     32     0      0      -             -      -      0      0      0      0      0      0      0      0      0      0      0      0      0      0      0      0      0      0      0      0      0      0      0      0      0      0      0      0      0      0      0      0      0      0      0      0      0      0     
0x7f96775ae620           LOP3.LUT R35, R150, 0x60, R35, 0x78, !PT               0      0      0      8192   262144  262144  32     32     0      0      -             -      -      0      0      0      0      0      0      0      0      0      0      0      0      0      0      0      0      0      0      0      0      0      0      0      0      0      0      0      0      0      0      0      0      0      0      0      0      0      0     
0x7f96775ae630           LDS R124, [R124]                                       7      6      7      8192   262144  262144  32     32     0      0      Shared        Load   32     4      24576  32768  8192   0      0      0      0      0      0      0      0      6      0      0      0      1      0      0      0      0      0      0      0      0      0      0      0      0      6      0      0      0      0      0      0      0      0     
0x7f96775ae640           SHF.R.U32.HI R37, RZ, 0x2, R36                         1      0      1      8192   262144  262144  32     32     0      0      -             -      -      0      0      0      0      0      0      0      0      0      0      0      0      0      0      0      0      1      0      0      0      0      0      0      0      0      0      0      0      0      0      0      0      0      0      0      0      0      0     
0x7f96775ae650           SHF.R.U32.HI R150, RZ, 0x2, R151                       0      0      0      8192   262144  262144  32     32     0      0      -             -      -      0      0      0      0      0      0      0      0      0      0      0      0      0      0      0      0      0      0      0      0      0      0      0      0      0      0      0      0      0      0      0      0      0      0      0      0      0      0     
0x7f96775ae660           LDS R125, [R125]                                       4      4      4      8192   262144  262144  32     32     0      0      Shared        Load   32     4      24576  32768  8192   0      0      0      0      0      0      0      0      4      0      0      0      0      0      0      0      0      0      0      0      0      0      0      0      0      4      0      0      0      0      0      0      0      0     
0x7f96775ae670           LOP3.LUT R36, R36, 0x60, R37, 0x78, !PT                1      0      1      8192   262144  262144  32     32     0      0      -             -      -      0      0      0      0      0      0      0      0      0      0      0      0      0      0      0      0      1      0      0      0      0      0      0      0      0      0      0      0      0      0      0      0      0      0      0      0      0      0     
0x7f96775ae680           LOP3.LUT R37, R151, 0x60, R150, 0x78, !PT              1      1      1      8192   262144  262144  32     32     0      0      -             -      -      0      0      0      0      0      0      0      0      0      0      0      0      0      0      0      0      0      0      0      0      1      0      0      0      0      0      0      0      0      0      0      0      0      0      0      0      0      1     
0x7f96775ae690           LDS R126, [R126]                                       9      9      9      8192   262144  262144  32     32     0      0      Shared        Load   32     4      24576  32768  8192   0      0      0      0      0      0      0      0      9      0      0      0      0      0      0      0      0      0      0      0      0      0      0      0      0      9      0      0      0      0      0      0      0      0     
0x7f96775ae6a0           VIADD R150, R15, 0x10a00                               1      0      1      8192   262144  262144  32     32     0      0      -             -      -      0      0      0      0      0      0      0      0      0      0      0      0      0      0      0      0      1      0      0      0      0      0      0      0      0      0      0      0      0      0      0      0      0      0      0      0      0      0     
0x7f96775ae6b0           SHF.R.U32.HI R155, RZ, 0x2, R154                       0      0      0      8192   262144  262144  32     32     0      0      -             -      -      0      0      0      0      0      0      0      0      0      0      0      0      0      0      0      0      0      0      0      0      0      0      0      0      0      0      0      0      0      0      0      0      0      0      0      0      0      0     
0x7f96775ae6c0           LDS R127, [R127]                                       10     10     10     8192   262144  262144  32     32     0      0      Shared        Load   32     4      24576  32768  8192   0      0      0      0      0      0      0      0      9      0      0      0      0      0      0      0      1      0      0      0      0      0      0      0      0      9      0      0      0      0      0      0      0      1     
0x7f96775ae6d0           SHF.R.U32.HI R151, RZ, 0x2, R150                       2      1      2      8192   262144  262144  32     32     0      0      -             -      -      0      0      0      0      0      0      0      0      0      0      0      0      0      0      0      0      1      0      0      0      1      0      0      0      0      0      0      0      0      0      0      0      0      0      0      0      0      1     
0x7f96775ae6e0           LDS R128, [R128]                                       4      4      4      8192   262144  262144  32     32     0      0      Shared        Load   32     4      24576  32768  8192   0      0      0      0      0      0      0      0      4      0      0      0      0      0      0      0      0      0      0      0      0      0      0      0      0      4      0      0      0      0      0      0      0      0     
0x7f96775ae6f0           LOP3.LUT R150, R150, 0x60, R151, 0x78, !PT             0      0      0      8192   262144  262144  32     32     0      0      -             -      -      0      0      0      0      0      0      0      0      0      0      0      0      0      0      0      0      0      0      0      0      0      0      0      0      0      0      0      0      0      0      0      0      0      0      0      0      0      0     
0x7f96775ae700           LDS R129, [R129]                                       11     9      11     8192   262144  262144  32     32     0      0      Shared        Load   32     4      24576  32768  8192   0      0      0      0      0      0      0      0      9      0      0      0      2      0      0      0      0      0      0      0      0      0      0      0      0      9      0      0      0      0      0      0      0      0     
0x7f96775ae710           LDS R130, [R130]                                       6      6      6      8192   262144  262144  32     32     0      0      Shared        Load   32     4      24576  32768  8192   0      0      0      0      0      0      0      0      3      0      0      0      0      0      0      0      3      0      0      0      0      0      0      0      0      3      0      0      0      0      0      0      0      3     
0x7f96775ae720           LDS R131, [R131]                                       10     10     10     8192   262144  262144  32     32     0      0      Shared        Load   32     4      24576  32768  8192   0      0      0      0      0      0      0      0      7      0      0      0      0      0      0      0      3      0      0      0      0      0      0      0      0      7      0      0      0      0      0      0      0      3     
0x7f96775ae730           LDS R143, [R143]                                       10     9      10     8192   262144  262144  32     32     0      0      Shared        Load   32     4      24576  32768  8192   0      0      0      0      0      0      0      0      8      0      0      0      1      0      0      0      1      0      0      0      0      0      0      0      0      8      0      0      0      0      0      0      0      1     
0x7f96775ae740           LDS R144, [R144]                                       5      4      5      8192   262144  262144  32     32     0      0      Shared        Load   32     4      24576  32768  8192   0      0      0      0      0      0      0      0      4      0      0      0      1      0      0      0      0      0      0      0      0      0      0      0      0      4      0      0      0      0      0      0      0      0     
0x7f96775ae750           LDS R145, [R145]                                       3      2      3      8192   262144  262144  32     32     0      0      Shared        Load   32     4      24576  32768  8192   0      0      0      0      0      0      0      0      2      0      0      0      1      0      0      0      0      0      0      0      0      0      0      0      0      2      0      0      0      0      0      0      0      0     
0x7f96775ae760           LDS R146, [R146]                                       5      4      5      8192   262144  262144  32     32     0      0      Shared        Load   32     4      24576  32768  8192   0      0      0      0      0      0      0      0      3      0      0      0      1      0      0      0      1      0      0      0      0      0      0      0      0      3      0      0      0      0      0      0      0      1     
0x7f96775ae770           LDS R147, [R147]                                       7      6      7      8192   262144  262144  32     32     0      0      Shared        Load   32     4      24576  32768  8192   0      0      0      0      0      0      0      0      6      0      0      0      1      0      0      0      0      0      0      0      0      0      0      0      0      6      0      0      0      0      0      0      0      0     
0x7f96775ae780           LDS R148, [R148]                                       5      5      5      8192   262144  262144  32     32     0      0      Shared        Load   32     4      24576  32768  8192   0      0      0      0      0      0      0      0      4      0      0      0      0      0      0      0      1      0      0      0      0      0      0      0      0      4      0      0      0      0      0      0      0      1     
0x7f96775ae790           LDS R142, [R142]                                       11     10     11     8192   262144  262144  32     32     0      0      Shared        Load   32     4      24576  32768  8192   0      0      0      0      0      0      0      0      10     0      0      0      1      0      0      0      0      0      0      0      0      0      0      0      0      10     0      0      0      0      0      0      0      0     
0x7f96775ae7a0           LDS R141, [R141]                                       5      5      5      8192   262144  262144  32     32     0      0      Shared        Load   32     4      24576  32768  8192   0      0      0      0      0      0      0      0      5      0      0      0      0      0      0      0      0      0      0      0      0      0      0      0      0      5      0      0      0      0      0      0      0      0     
0x7f96775ae7b0           LDS R140, [R140]                                       6      6      6      8192   262144  262144  32     32     0      0      Shared        Load   32     4      24576  32768  8192   0      0      0      0      0      0      0      0      5      0      0      0      0      0      0      0      1      0      0      0      0      0      0      0      0      5      0      0      0      0      0      0      0      1     
0x7f96775ae7c0           LDS R139, [R139]                                       12     11     12     8192   262144  262144  32     32     0      0      Shared        Load   32     4      24576  32768  8192   0      0      0      0      0      0      0      0      7      0      0      0      1      0      0      0      4      0      0      0      0      0      0      0      0      7      0      0      0      0      0      0      0      4     
0x7f96775ae7d0           LDS R138, [R138]                                       7      6      7      8192   262144  262144  32     32     0      0      Shared        Load   32     4      24576  32768  8192   0      0      0      0      0      0      0      0      5      0      0      0      1      0      0      0      1      0      0      0      0      0      0      0      0      5      0      0      0      0      0      0      0      1     
0x7f96775ae7e0           LDS R137, [R137]                                       12     11     12     8192   262144  262144  32     32     0      0      Shared        Load   32     4      24576  32768  8192   0      0      0      0      0      0      0      0      4      0      0      0      1      0      0      0      7      0      0      0      0      0      0      0      0      4      0      0      0      0      0      0      0      7     
0x7f96775ae7f0           LDS R136, [R136]                                       4      4      4      8192   262144  262144  32     32     0      0      Shared        Load   32     4      24576  32768  8192   0      0      0      0      0      0      0      0      3      0      0      0      0      0      0      0      1      0      0      0      0      0      0      0      0      3      0      0      0      0      0      0      0      1     
0x7f96775ae800           LDS R135, [R135]                                       11     11     11     8192   262144  262144  32     32     0      0      Shared        Load   32     4      24576  32768  8192   0      0      0      0      0      0      0      0      10     0      0      0      0      0      0      0      1      0      0      0      0      0      0      0      0      10     0      0      0      0      0      0      0      1     
0x7f96775ae810           LDS R134, [R134]                                       14     14     14     8192   262144  262144  32     32     0      0      Shared        Load   32     4      24576  32768  8192   0      0      0      0      0      0      0      0      12     0      0      0      0      0      0      0      2      0      0      0      0      0      0      0      0      12     0      0      0      0      0      0      0      2     
0x7f96775ae820           LDS R133, [R133]                                       5      4      5      8192   262144  262144  32     32     0      0      Shared        Load   32     4      24576  32768  8192   0      0      0      0      0      0      0      0      3      0      0      0      1      0      0      0      1      0      0      0      0      0      0      0      0      3      0      0      0      0      0      0      0      1     
0x7f96775ae830           LDS R132, [R132]                                       9      8      9      8192   262144  262144  32     32     0      0      Shared        Load   32     4      24576  32768  8192   0      0      0      0      0      0      0      0      6      0      0      0      1      0      0      0      2      0      0      0      0      0      0      0      0      6      0      0      0      0      0      0      0      2     
0x7f96775ae840           LDS R0, [R0]                                           4      4      4      8192   262144  262144  32     32     0      0      Shared        Load   32     4      24576  32768  8192   0      0      0      0      0      0      0      0      4      0      0      0      0      0      0      0      0      0      0      0      0      0      0      0      0      4      0      0      0      0      0      0      0      0     
0x7f96775ae850           LDS R2, [R2]                                           9      9      9      8192   262144  262144  32     32     0      0      Shared        Load   32     4      24576  32768  8192   0      0      0      0      0      0      0      0      8      0      0      0      0      0      0      0      1      0      0      0      0      0      0      0      0      8      0      0      0      0      0      0      0      1     
0x7f96775ae860           LDS R3, [R3]                                           10     10     10     8192   262144  262144  32     32     0      0      Shared        Load   32     4      24576  32768  8192   0      0      0      0      0      0      0      0      9      0      0      0      0      0      0      0      1      0      0      0      0      0      0      0      0      9      0      0      0      0      0      0      0      1     
0x7f96775ae870           LDS R4, [R4]                                           6      6      6      8192   262144  262144  32     32     0      0      Shared        Load   32     4      24576  32768  8192   0      0      0      0      0      0      0      0      4      0      0      0      0      0      0      0      2      0      0      0      0      0      0      0      0      4      0      0      0      0      0      0      0      2     
0x7f96775ae880           LDS R5, [R5]                                           12     12     12     8192   262144  262144  32     32     0      0      Shared        Load   32     4      24576  32768  8192   0      0      0      0      0      0      0      0      9      0      0      0      0      0      0      0      3      0      0      0      0      0      0      0      0      9      0      0      0      0      0      0      0      3     
0x7f96775ae890           LDS R6, [R6]                                           3      3      3      8192   262144  262144  32     32     0      0      Shared        Load   32     4      24576  32768  8192   0      0      0      0      0      0      0      0      3      0      0      0      0      0      0      0      0      0      0      0      0      0      0      0      0      3      0      0      0      0      0      0      0      0     
0x7f96775ae8a0           LDS R7, [R7]                                           9      8      9      8192   262144  262144  32     32     0      0      Shared        Load   32     4      24576  32768  8192   0      0      0      0      0      0      0      0      7      0      0      0      1      0      0      0      1      0      0      0      0      0      0      0      0      7      0      0      0      0      0      0      0      1     
0x7f96775ae8b0           LDS R8, [R8]                                           8      6      8      8192   262144  262144  32     32     0      0      Shared        Load   32     4      24576  32768  8192   0      0      0      0      0      0      0      0      5      0      0      0      2      0      0      0      1      0      0      0      0      0      0      0      0      5      0      0      0      0      0      0      0      1     
0x7f96775ae8c0           LDS R9, [R9]                                           14     12     14     8192   262144  262144  32     32     0      0      Shared        Load   32     4      24576  32768  8192   0      0      0      0      0      0      0      0      10     0      0      0      2      0      0      0      2      0      0      0      0      0      0      0      0      10     0      0      0      0      0      0      0      2     
0x7f96775ae8d0           LDS R10, [R10]                                         10     9      10     8192   262144  262144  32     32     0      0      Shared        Load   32     4      24576  32768  8192   0      0      0      0      0      0      0      0      8      0      0      0      1      0      0      0      1      0      0      0      0      0      0      0      0      8      0      0      0      0      0      0      0      1     
0x7f96775ae8e0           LDS R11, [R11]                                         4      4      4      8192   262144  262144  32     32     0      0      Shared        Load   32     4      24576  32768  8192   0      0      0      0      0      0      0      0      4      0      0      0      0      0      0      0      0      0      0      0      0      0      0      0      0      4      0      0      0      0      0      0      0      0     
0x7f96775ae8f0           LDS R12, [R12]                                         7      6      7      8192   262144  262144  32     32     0      0      Shared        Load   32     4      24576  32768  8192   0      0      0      0      0      0      0      0      5      0      0      0      1      0      0      0      1      0      0      0      0      0      0      0      0      5      0      0      0      0      0      0      0      1     
0x7f96775ae900           LDS R13, [R13]                                         4      4      4      8192   262144  262144  32     32     0      0      Shared        Load   32     4      24576  32768  8192   0      0      0      0      0      0      0      0      3      0      0      0      0      0      0      0      1      0      0      0      0      0      0      0      0      3      0      0      0      0      0      0      0      1     
0x7f96775ae910           LDS R14, [R14]                                         7      7      7      8192   262144  262144  32     32     0      0      Shared        Load   32     4      24576  32768  8192   0      0      0      0      0      0      0      0      5      0      0      0      0      0      0      0      2      0      0      0      0      0      0      0      0      5      0      0      0      0      0      0      0      2     
0x7f96775ae920           LDS R16, [R16]                                         7      6      7      8192   262144  262144  32     32     0      0      Shared        Load   32     4      24576  32768  8192   0      0      0      0      0      0      0      0      3      0      0      0      1      0      0      0      3      0      0      0      0      0      0      0      0      3      0      0      0      0      0      0      0      3     
0x7f96775ae930           LDS R17, [R17]                                         13     12     13     8192   262144  262144  32     32     0      0      Shared        Load   32     4      24576  32768  8192   0      0      0      0      0      0      0      0      6      0      0      0      1      0      0      0      6      0      0      0      0      0      0      0      0      6      0      0      0      0      0      0      0      6     
0x7f96775ae940           LDS R18, [R18]                                         10     9      10     8192   262144  262144  32     32     0      0      Shared        Load   32     4      24576  32768  8192   0      0      0      0      0      0      0      0      9      0      0      0      1      0      0      0      0      0      0      0      0      0      0      0      0      9      0      0      0      0      0      0      0      0     
0x7f96775ae950           STS [R19], R38                                         7      7      7      8192   262144  262144  32     32     0      0      Shared        Store  32     1      0      8192   8192   0      0      0      0      0      0      0      0      7      0      0      0      0      0      0      0      0      0      0      0      0      0      0      0      0      7      0      0      0      0      0      0      0      0     
0x7f96775ae960           STS [R20], R39                                         8      8      8      8192   262144  262144  32     32     0      0      Shared        Store  32     1      0      8192   8192   0      0      0      0      0      0      0      0      5      0      0      0      0      0      0      0      3      0      0      0      0      0      0      0      0      5      0      0      0      0      0      0      0      3     
0x7f96775ae970           STS [R21], R40                                         10     10     10     8192   262144  262144  32     32     0      0      Shared        Store  32     1      0      8192   8192   0      0      0      0      0      0      0      0      10     0      0      0      0      0      0      0      0      0      0      0      0      0      0      0      0      10     0      0      0      0      0      0      0      0     
0x7f96775ae980           VIADD R38, R15, 0x10c80                                61     61     61     8192   262144  262144  32     32     0      0      -             -      -      0      0      0      0      0      0      0      0      0      0      0      0      0      0      0      0      0      61     0      0      0      0      0      0      0      0      0      0      0      0      0      0      0      0      61     0      0      0     
0x7f96775ae990           SHF.R.U32.HI R19, RZ, 0x2, R156                        0      0      0      8192   262144  262144  32     32     0      0      -             -      -      0      0      0      0      0      0      0      0      0      0      0      0      0      0      0      0      0      0      0      0      0      0      0      0      0      0      0      0      0      0      0      0      0      0      0      0      0      0     
0x7f96775ae9a0           STS [R22], R41                                         0      0      0      8192   262144  262144  32     32     0      0      Shared        Store  32     1      0      8192   8192   0      0      0      0      0      0      0      0      0      0      0      0      0      0      0      0      0      0      0      0      0      0      0      0      0      0      0      0      0      0      0      0      0      0     
0x7f96775ae9b0           LOP3.LUT R39, R152, 0x60, R153, 0x78, !PT              5      4      5      8192   262144  262144  32     32     0      0      -             -      -      0      0      0      0      0      0      0      0      0      0      0      0      0      0      0      0      1      4      0      0      0      0      0      0      0      0      0      0      0      0      0      0      0      0      4      0      0      0     
0x7f96775ae9c0           VIADD R152, R15, 0x10d00                               0      0      0      8192   262144  262144  32     32     0      0      -             -      -      0      0      0      0      0      0      0      0      0      0      0      0      0      0      0      0      0      0      0      0      0      0      0      0      0      0      0      0      0      0      0      0      0      0      0      0      0      0     
0x7f96775ae9d0           SHF.R.U32.HI R151, RZ, 0x2, R38                        1      0      1      8192   262144  262144  32     32     0      0      -             -      -      0      0      0      0      0      0      0      0      0      0      0      0      0      0      0      0      1      0      0      0      0      0      0      0      0      0      0      0      0      0      0      0      0      0      0      0      0      0     
0x7f96775ae9e0           STS [R23], R42                                         0      0      0      8192   262144  262144  32     32     0      0      Shared        Store  32     1      0      8192   8192   0      0      0      0      0      0      0      0      0      0      0      0      0      0      0      0      0      0      0      0      0      0      0      0      0      0      0      0      0      0      0      0      0      0     
0x7f96775ae9f0           VIADD R40, R15, 0x10c00                                5      5      5      8192   262144  262144  32     32     0      0      -             -      -      0      0      0      0      0      0      0      0      0      0      0      0      0      0      0      0      0      5      0      0      0      0      0      0      0      0      0      0      0      0      0      0      0      0      5      0      0      0     
0x7f96775aea00           LOP3.LUT R19, R156, 0x60, R19, 0x78, !PT               0      0      0      8192   262144  262144  32     32     0      0      -             -      -      0      0      0      0      0      0      0      0      0      0      0      0      0      0      0      0      0      0      0      0      0      0      0      0      0      0      0      0      0      0      0      0      0      0      0      0      0      0     
0x7f96775aea10           VIADD R156, R15, 0x11080                               1      0      1      8192   262144  262144  32     32     0      0      -             -      -      0      0      0      0      0      0      0      0      0      0      0      0      0      0      0      0      1      0      0      0      0      0      0      0      0      0      0      0      0      0      0      0      0      0      0      0      0      0     
0x7f96775aea20           SHF.R.U32.HI R153, RZ, 0x2, R152                       1      0      1      8192   262144  262144  32     32     0      0      -             -      -      0      0      0      0      0      0      0      0      0      0      0      0      0      0      0      0      1      0      0      0      0      0      0      0      0      0      0      0      0      0      0      0      0      0      0      0      0      0     
0x7f96775aea30           VIADD R22, R15, 0x10e00                                7      6      7      8192   262144  262144  32     32     0      0      -             -      -      0      0      0      0      0      0      0      0      0      0      0      0      0      0      0      0      1      6      0      0      0      0      0      0      0      0      0      0      0      0      0      0      0      0      6      0      0      0     
0x7f96775aea40           SHF.R.U32.HI R21, RZ, 0x2, R40                         0      0      0      8192   262144  262144  32     32     0      0      -             -      -      0      0      0      0      0      0      0      0      0      0      0      0      0      0      0      0      0      0      0      0      0      0      0      0      0      0      0      0      0      0      0      0      0      0      0      0      0      0     
0x7f96775aea50           STS [R24], R43                                         0      0      0      8192   262144  262144  32     32     0      0      Shared        Store  32     1      0      8192   8192   0      0      0      0      0      0      0      0      0      0      0      0      0      0      0      0      0      0      0      0      0      0      0      0      0      0      0      0      0      0      0      0      0      0     
0x7f96775aea60           LOP3.LUT R20, R154, 0x60, R155, 0x78, !PT              0      0      0      8192   262144  262144  32     32     0      0      -             -      -      0      0      0      0      0      0      0      0      0      0      0      0      0      0      0      0      0      0      0      0      0      0      0      0      0      0      0      0      0      0      0      0      0      0      0      0      0      0     
0x7f96775aea70           VIADD R154, R15, 0x11000                               2      0      2      8192   262144  262144  32     32     0      0      -             -      -      0      0      0      0      0      0      0      0      0      0      0      0      0      0      0      0      2      0      0      0      0      0      0      0      0      0      0      0      0      0      0      0      0      0      0      0      0      0     
0x7f96775aea80           LOP3.LUT R40, R40, 0x60, R21, 0x78, !PT                0      0      0      8192   262144  262144  32     32     0      0      -             -      -      0      0      0      0      0      0      0      0      0      0      0      0      0      0      0      0      0      0      0      0      0      0      0      0      0      0      0      0      0      0      0      0      0      0      0      0      0      0     
0x7f96775aea90           STS [R25], R44                                         0      0      0      8192   262144  262144  32     32     0      0      Shared        Store  32     1      0      8192   8192   0      0      0      0      0      0      0      0      0      0      0      0      0      0      0      0      0      0      0      0      0      0      0      0      0      0      0      0      0      0      0      0      0      0     
0x7f96775aeaa0           LOP3.LUT R21, R38, 0x60, R151, 0x78, !PT               0      0      0      8192   262144  262144  32     32     0      0      -             -      -      0      0      0      0      0      0      0      0      0      0      0      0      0      0      0      0      0      0      0      0      0      0      0      0      0      0      0      0      0      0      0      0      0      0      0      0      0      0     
0x7f96775aeab0           VIADD R151, R15, 0x10d80                               1      0      1      8192   262144  262144  32     32     0      0      -             -      -      0      0      0      0      0      0      0      0      0      0      0      0      0      0      0      0      1      0      0      0      0      0      0      0      0      0      0      0      0      0      0      0      0      0      0      0      0      0     
0x7f96775aeac0           LOP3.LUT R38, R152, 0x60, R153, 0x78, !PT              2      0      2      8192   262144  262144  32     32     0      0      -             -      -      0      0      0      0      0      0      0      0      0      0      0      0      0      0      0      0      2      0      0      0      0      0      0      0      0      0      0      0      0      0      0      0      0      0      0      0      0      0     
0x7f96775aead0           VIADD R153, R15, 0x10e80                               0      0      0      8192   262144  262144  32     32     0      0      -             -      -      0      0      0      0      0      0      0      0      0      0      0      0      0      0      0      0      0      0      0      0      0      0      0      0      0      0      0      0      0      0      0      0      0      0      0      0      0      0     
0x7f96775aeae0           SHF.R.U32.HI R41, RZ, 0x2, R22                         0      0      0      8192   262144  262144  32     32     0      0      -             -      -      0      0      0      0      0      0      0      0      0      0      0      0      0      0      0      0      0      0      0      0      0      0      0      0      0      0      0      0      0      0      0      0      0      0      0      0      0      0     
0x7f96775aeaf0           STS [R26], R45                                         0      0      0      8192   262144  262144  32     32     0      0      Shared        Store  32     1      0      8192   8192   0      0      0      0      0      0      0      0      0      0      0      0      0      0      0      0      0      0      0      0      0      0      0      0      0      0      0      0      0      0      0      0      0      0     
0x7f96775aeb00           SHF.R.U32.HI R152, RZ, 0x2, R151                       0      0      0      8192   262144  262144  32     32     0      0      -             -      -      0      0      0      0      0      0      0      0      0      0      0      0      0      0      0      0      0      0      0      0      0      0      0      0      0      0      0      0      0      0      0      0      0      0      0      0      0      0     
0x7f96775aeb10           VIADD R42, R15, 0x10f00                                2      1      2      8192   262144  262144  32     32     0      0      -             -      -      0      0      0      0      0      0      0      0      0      0      0      0      0      0      0      0      1      1      0      0      0      0      0      0      0      0      0      0      0      0      0      0      0      0      1      0      0      0     
0x7f96775aeb20           LOP3.LUT R22, R22, 0x60, R41, 0x78, !PT                1      0      1      8192   262144  262144  32     32     0      0      -             -      -      0      0      0      0      0      0      0      0      0      0      0      0      0      0      0      0      1      0      0      0      0      0      0      0      0      0      0      0      0      0      0      0      0      0      0      0      0      0     
0x7f96775aeb30           VIADD R44, R15, 0x11100                                3      3      3      8192   262144  262144  32     32     0      0      -             -      -      0      0      0      0      0      0      0      0      0      0      0      0      0      0      0      0      0      3      0      0      0      0      0      0      0      0      0      0      0      0      0      0      0      0      3      0      0      0     
0x7f96775aeb40           LOP3.LUT R151, R151, 0x60, R152, 0x78, !PT             0      0      0      8192   262144  262144  32     32     0      0      -             -      -      0      0      0      0      0      0      0      0      0      0      0      0      0      0      0      0      0      0      0      0      0      0      0      0      0      0      0      0      0      0      0      0      0      0      0      0      0      0     
0x7f96775aeb50           STS [R27], R46                                         1      0      1      8192   262144  262144  32     32     0      0      Shared        Store  32     1      0      8192   8192   0      0      0      0      0      0      0      0      0      0      0      0      1      0      0      0      0      0      0      0      0      0      0      0      0      0      0      0      0      0      0      0      0      0     
0x7f96775aeb60           SHF.R.U32.HI R152, RZ, 0x2, R153                       0      0      0      8192   262144  262144  32     32     0      0      -             -      -      0      0      0      0      0      0      0      0      0      0      0      0      0      0      0      0      0      0      0      0      0      0      0      0      0      0      0      0      0      0      0      0      0      0      0      0      0      0     
0x7f96775aeb70           SHF.R.U32.HI R43, RZ, 0x2, R44                         1      0      1      8192   262144  262144  32     32     0      0      -             -      -      0      0      0      0      0      0      0      0      0      0      0      0      0      0      0      0      1      0      0      0      0      0      0      0      0      0      0      0      0      0      0      0      0      0      0      0      0      0     
0x7f96775aeb80           VIADD R26, R15, 0x11180                                1      0      1      8192   262144  262144  32     32     0      0      -             -      -      0      0      0      0      0      0      0      0      0      0      0      0      0      0      0      0      1      0      0      0      0      0      0      0      0      0      0      0      0      0      0      0      0      0      0      0      0      0     
0x7f96775aeb90           LOP3.LUT R41, R153, 0x60, R152, 0x78, !PT              1      0      1      8192   262144  262144  32     32     0      0      -             -      -      0      0      0      0      0      0      0      0      0      0      0      0      0      0      0      0      1      0      0      0      0      0      0      0      0      0      0      0      0      0      0      0      0      0      0      0      0      0     
0x7f96775aeba0           VIADD R152, R15, 0x10f80                               0      0      0      8192   262144  262144  32     32     0      0      -             -      -      0      0      0      0      0      0      0      0      0      0      0      0      0      0      0      0      0      0      0      0      0      0      0      0      0      0      0      0      0      0      0      0      0      0      0      0      0      0     
0x7f96775aebb0           LOP3.LUT R44, R44, 0x60, R43, 0x78, !PT                1      0      1      8192   262144  262144  32     32     0      0      -             -      -      0      0      0      0      0      0      0      0      0      0      0      0      0      0      0      0      1      0      0      0      0      0      0      0      0      0      0      0      0      0      0      0      0      0      0      0      0      0     
0x7f96775aebc0           STS [R28], R47                                         1      0      1      8192   262144  262144  32     32     0      0      Shared        Store  32     1      0      8192   8192   0      0      0      0      0      0      0      0      0      0      0      0      1      0      0      0      0      0      0      0      0      0      0      0      0      0      0      0      0      0      0      0      0      0     
0x7f96775aebd0           SHF.R.U32.HI R45, RZ, 0x2, R26                         0      0      0      8192   262144  262144  32     32     0      0      -             -      -      0      0      0      0      0      0      0      0      0      0      0      0      0      0      0      0      0      0      0      0      0      0      0      0      0      0      0      0      0      0      0      0      0      0      0      0      0      0     
0x7f96775aebe0           VIADD R46, R15, 0x11300                                0      0      0      8192   262144  262144  32     32     0      0      -             -      -      0      0      0      0      0      0      0      0      0      0      0      0      0      0      0      0      0      0      0      0      0      0      0      0      0      0      0      0      0      0      0      0      0      0      0      0      0      0     
0x7f96775aebf0           SHF.R.U32.HI R153, RZ, 0x2, R152                       0      0      0      8192   262144  262144  32     32     0      0      -             -      -      0      0      0      0      0      0      0      0      0      0      0      0      0      0      0      0      0      0      0      0      0      0      0      0      0      0      0      0      0      0      0      0      0      0      0      0      0      0     
0x7f96775aec00           STS [R29], R48                                         0      0      0      8192   262144  262144  32     32     0      0      Shared        Store  32     1      0      8192   8192   0      0      0      0      0      0      0      0      0      0      0      0      0      0      0      0      0      0      0      0      0      0      0      0      0      0      0      0      0      0      0      0      0      0     
0x7f96775aec10           LOP3.LUT R43, R26, 0x60, R45, 0x78, !PT                1      0      1      8192   262144  262144  32     32     0      0      -             -      -      0      0      0      0      0      0      0      0      0      0      0      0      0      0      0      0      1      0      0      0      0      0      0      0      0      0      0      0      0      0      0      0      0      0      0      0      0      0     
0x7f96775aec20           VIADD R45, R15, 0x11280                                0      0      0      8192   262144  262144  32     32     0      0      -             -      -      0      0      0      0      0      0      0      0      0      0      0      0      0      0      0      0      0      0      0      0      0      0      0      0      0      0      0      0      0      0      0      0      0      0      0      0      0      0     
0x7f96775aec30           LOP3.LUT R25, R152, 0x60, R153, 0x78, !PT              1      0      1      8192   262144  262144  32     32     0      0      -             -      -      0      0      0      0      0      0      0      0      0      0      0      0      0      0      0      0      1      0      0      0      0      0      0      0      0      0      0      0      0      0      0      0      0      0      0      0      0      0     
0x7f96775aec40           VIADD R152, R15, 0x11200                               0      0      0      8192   262144  262144  32     32     0      0      -             -      -      0      0      0      0      0      0      0      0      0      0      0      0      0      0      0      0      0      0      0      0      0      0      0      0      0      0      0      0      0      0      0      0      0      0      0      0      0      0     
0x7f96775aec50           SHF.R.U32.HI R27, RZ, 0x2, R46                         0      0      0      8192   262144  262144  32     32     0      0      -             -      -      0      0      0      0      0      0      0      0      0      0      0      0      0      0      0      0      0      0      0      0      0      0      0      0      0      0      0      0      0      0      0      0      0      0      0      0      0      0     
0x7f96775aec60           VIADD R28, R15, 0x11400                                0      0      0      8192   262144  262144  32     32     0      0      -             -      -      0      0      0      0      0      0      0      0      0      0      0      0      0      0      0      0      0      0      0      0      0      0      0      0      0      0      0      0      0      0      0      0      0      0      0      0      0      0     
0x7f96775aec70           STS [R30], R49                                         0      0      0      8192   262144  262144  32     32     0      0      Shared        Store  32     1      0      8192   8192   0      0      0      0      0      0      0      0      0      0      0      0      0      0      0      0      0      0      0      0      0      0      0      0      0      0      0      0      0      0      0      0      0      0     
0x7f96775aec80           SHF.R.U32.HI R23, RZ, 0x2, R42                         0      0      0      8192   262144  262144  32     32     0      0      -             -      -      0      0      0      0      0      0      0      0      0      0      0      0      0      0      0      0      0      0      0      0      0      0      0      0      0      0      0      0      0      0      0      0      0      0      0      0      0      0     
0x7f96775aec90           SHF.R.U32.HI R153, RZ, 0x2, R152                       1      1      1      8192   262144  262144  32     32     0      0      -             -      -      0      0      0      0      0      0      0      0      0      0      0      0      0      0      0      0      0      0      0      0      1      0      0      0      0      0      0      0      0      0      0      0      0      0      0      0      0      1     
0x7f96775aeca0           STS [R31], R50                                         1      0      1      8192   262144  262144  32     32     0      0      Shared        Store  32     1      0      8192   8192   0      0      0      0      0      0      0      0      0      0      0      0      1      0      0      0      0      0      0      0      0      0      0      0      0      0      0      0      0      0      0      0      0      0     
0x7f96775aecb0           LOP3.LUT R46, R46, 0x60, R27, 0x78, !PT                0      0      0      8192   262144  262144  32     32     0      0      -             -      -      0      0      0      0      0      0      0      0      0      0      0      0      0      0      0      0      0      0      0      0      0      0      0      0      0      0      0      0      0      0      0      0      0      0      0      0      0      0     
0x7f96775aecc0           VIADD R48, R15, 0x11680                                0      0      0      8192   262144  262144  32     32     0      0      -             -      -      0      0      0      0      0      0      0      0      0      0      0      0      0      0      0      0      0      0      0      0      0      0      0      0      0      0      0      0      0      0      0      0      0      0      0      0      0      0     
0x7f96775aecd0           LOP3.LUT R26, R152, 0x60, R153, 0x78, !PT              0      0      0      8192   262144  262144  32     32     0      0      -             -      -      0      0      0      0      0      0      0      0      0      0      0      0      0      0      0      0      0      0      0      0      0      0      0      0      0      0      0      0      0      0      0      0      0      0      0      0      0      0     
0x7f96775aece0           VIADD R153, R15, 0x11380                               1      0      1      8192   262144  262144  32     32     0      0      -             -      -      0      0      0      0      0      0      0      0      0      0      0      0      0      0      0      0      1      0      0      0      0      0      0      0      0      0      0      0      0      0      0      0      0      0      0      0      0      0     
0x7f96775aecf0           SHF.R.U32.HI R152, RZ, 0x2, R45                        1      0      1      8192   262144  262144  32     32     0      0      -             -      -      0      0      0      0      0      0      0      0      0      0      0      0      0      0      0      0      1      0      0      0      0      0      0      0      0      0      0      0      0      0      0      0      0      0      0      0      0      0     
0x7f96775aed00           STS [R32], R51                                         1      0      1      8192   262144  262144  32     32     0      0      Shared        Store  32     1      0      8192   8192   0      0      0      0      0      0      0      0      0      0      0      0      1      0      0      0      0      0      0      0      0      0      0      0      0      0      0      0      0      0      0      0      0      0     
0x7f96775aed10           SHF.R.U32.HI R47, RZ, 0x2, R28                         0      0      0      8192   262144  262144  32     32     0      0      -             -      -      0      0      0      0      0      0      0      0      0      0      0      0      0      0      0      0      0      0      0      0      0      0      0      0      0      0      0      0      0      0      0      0      0      0      0      0      0      0     
0x7f96775aed20           LOP3.LUT R45, R45, 0x60, R152, 0x78, !PT               2      1      2      8192   262144  262144  32     32     0      0      -             -      -      0      0      0      0      0      0      0      0      0      0      0      0      0      0      0      0      1      0      0      0      1      0      0      0      0      0      0      0      0      0      0      0      0      0      0      0      0      1     
0x7f96775aed30           VIADD R50, R15, 0x11600                                3      2      3      8192   262144  262144  32     32     0      0      -             -      -      0      0      0      0      0      0      0      0      0      0      0      0      0      0      0      0      1      2      0      0      0      0      0      0      0      0      0      0      0      0      0      0      0      0      2      0      0      0     
0x7f96775aed40           SHF.R.U32.HI R152, RZ, 0x2, R153                       0      0      0      8192   262144  262144  32     32     0      0      -             -      -      0      0      0      0      0      0      0      0      0      0      0      0      0      0      0      0      0      0      0      0      0      0      0      0      0      0      0      0      0      0      0      0      0      0      0      0      0      0     
0x7f96775aed50           STS [R33], R52                                         1      0      1      8192   262144  262144  32     32     0      0      Shared        Store  32     1      0      8192   8192   0      0      0      0      0      0      0      0      0      0      0      0      1      0      0      0      0      0      0      0      0      0      0      0      0      0      0      0      0      0      0      0      0      0     
0x7f96775aed60           LOP3.LUT R28, R28, 0x60, R47, 0x78, !PT                0      0      0      8192   262144  262144  32     32     0      0      -             -      -      0      0      0      0      0      0      0      0      0      0      0      0      0      0      0      0      0      0      0      0      0      0      0      0      0      0      0      0      0      0      0      0      0      0      0      0      0      0     
0x7f96775aed70           LOP3.LUT R27, R153, 0x60, R152, 0x78, !PT              0      0      0      8192   262144  262144  32     32     0      0      -             -      -      0      0      0      0      0      0      0      0      0      0      0      0      0      0      0      0      0      0      0      0      0      0      0      0      0      0      0      0      0      0      0      0      0      0      0      0      0      0     
0x7f96775aed80           VIADD R152, R15, 0x11480                               0      0      0      8192   262144  262144  32     32     0      0      -             -      -      0      0      0      0      0      0      0      0      0      0      0      0      0      0      0      0      0      0      0      0      0      0      0      0      0      0      0      0      0      0      0      0      0      0      0      0      0      0     
0x7f96775aed90           SHF.R.U32.HI R31, RZ, 0x2, R50                         0      0      0      8192   262144  262144  32     32     0      0      -             -      -      0      0      0      0      0      0      0      0      0      0      0      0      0      0      0      0      0      0      0      0      0      0      0      0      0      0      0      0      0      0      0      0      0      0      0      0      0      0     
0x7f96775aeda0           VIADD R32, R15, 0x11800                                0      0      0      8192   262144  262144  32     32     0      0      -             -      -      0      0      0      0      0      0      0      0      0      0      0      0      0      0      0      0      0      0      0      0      0      0      0      0      0      0      0      0      0      0      0      0      0      0      0      0      0      0     
0x7f96775aedb0           SHF.R.U32.HI R49, RZ, 0x2, R48                         1      0      1      8192   262144  262144  32     32     0      0      -             -      -      0      0      0      0      0      0      0      0      0      0      0      0      0      0      0      0      1      0      0      0      0      0      0      0      0      0      0      0      0      0      0      0      0      0      0      0      0      0     
0x7f96775aedc0           STS [R34], R53                                         0      0      0      8192   262144  262144  32     32     0      0      Shared        Store  32     1      0      8192   8192   0      0      0      0      0      0      0      0      0      0      0      0      0      0      0      0      0      0      0      0      0      0      0      0      0      0      0      0      0      0      0      0      0      0     
0x7f96775aedd0           SHF.R.U32.HI R153, RZ, 0x2, R152                       0      0      0      8192   262144  262144  32     32     0      0      -             -      -      0      0      0      0      0      0      0      0      0      0      0      0      0      0      0      0      0      0      0      0      0      0      0      0      0      0      0      0      0      0      0      0      0      0      0      0      0      0     
0x7f96775aede0           VIADD R52, R15, 0x11900                                1      0      1      8192   262144  262144  32     32     0      0      -             -      -      0      0      0      0      0      0      0      0      0      0      0      0      0      0      0      0      1      0      0      0      0      0      0      0      0      0      0      0      0      0      0      0      0      0      0      0      0      0     
0x7f96775aedf0           LOP3.LUT R50, R50, 0x60, R31, 0x78, !PT                4      0      4      8192   262144  262144  32     32     0      0      -             -      -      0      0      0      0      0      0      0      0      0      0      0      0      0      0      0      0      4      0      0      0      0      0      0      0      0      0      0      0      0      0      0      0      0      0      0      0      0      0     
0x7f96775aee00           STS [R35], R54                                         2      2      2      8192   262144  262144  32     32     0      0      Shared        Store  32     1      0      8192   8192   0      0      0      0      0      0      0      0      0      0      2      0      0      0      0      0      0      0      0      0      0      0      0      0      0      0      0      2      0      0      0      0      0      0     
0x7f96775aee10           LOP3.LUT R47, R152, 0x60, R153, 0x78, !PT              2      0      2      8192   262144  262144  32     32     0      0      -             -      -      0      0      0      0      0      0      0      0      0      0      0      0      0      0      0      0      2      0      0      0      0      0      0      0      0      0      0      0      0      0      0      0      0      0      0      0      0      0     
0x7f96775aee20           VIADD R152, R15, 0x11700                               1      0      1      8192   262144  262144  32     32     0      0      -             -      -      0      0      0      0      0      0      0      0      0      0      0      0      0      0      0      0      1      0      0      0      0      0      0      0      0      0      0      0      0      0      0      0      0      0      0      0      0      0     
0x7f96775aee30           LOP3.LUT R31, R48, 0x60, R49, 0x78, !PT                0      0      0      8192   262144  262144  32     32     0      0      -             -      -      0      0      0      0      0      0      0      0      0      0      0      0      0      0      0      0      0      0      0      0      0      0      0      0      0      0      0      0      0      0      0      0      0      0      0      0      0      0     
0x7f96775aee40           VIADD R49, R15, 0x11780                                1      0      1      8192   262144  262144  32     32     0      0      -             -      -      0      0      0      0      0      0      0      0      0      0      0      0      0      0      0      0      1      0      0      0      0      0      0      0      0      0      0      0      0      0      0      0      0      0      0      0      0      0     
0x7f96775aee50           LOP3.LUT R42, R42, 0x60, R23, 0x78, !PT                1      0      1      8192   262144  262144  32     32     0      0      -             -      -      0      0      0      0      0      0      0      0      0      0      0      0      0      0      0      0      1      0      0      0      0      0      0      0      0      0      0      0      0      0      0      0      0      0      0      0      0      0     
0x7f96775aee60           STS [R36], R55                                         0      0      0      8192   262144  262144  32     32     0      0      Shared        Store  32     1      0      8192   8192   0      0      0      0      0      0      0      0      0      0      0      0      0      0      0      0      0      0      0      0      0      0      0      0      0      0      0      0      0      0      0      0      0      0     
0x7f96775aee70           SHF.R.U32.HI R153, RZ, 0x2, R152                       0      0      0      8192   262144  262144  32     32     0      0      -             -      -      0      0      0      0      0      0      0      0      0      0      0      0      0      0      0      0      0      0      0      0      0      0      0      0      0      0      0      0      0      0      0      0      0      0      0      0      0      0     
0x7f96775aee80           SHF.R.U32.HI R23, RZ, 0x2, R156                        1      1      1      8192   262144  262144  32     32     0      0      -             -      -      0      0      0      0      0      0      0      0      0      0      0      0      0      0      1      0      0      0      0      0      0      0      0      0      0      0      0      0      0      0      0      1      0      0      0      0      0      0     
0x7f96775aee90           VIADD R54, R15, 0x11b00                                1      1      1      8192   262144  262144  32     32     0      0      -             -      -      0      0      0      0      0      0      0      0      0      0      0      0      0      0      0      0      0      1      0      0      0      0      0      0      0      0      0      0      0      0      0      0      0      0      1      0      0      0     
0x7f96775aeea0           LOP3.LUT R48, R152, 0x60, R153, 0x78, !PT              1      0      1      8192   262144  262144  32     32     0      0      -             -      -      0      0      0      0      0      0      0      0      0      0      0      0      0      0      0      0      1      0      0      0      0      0      0      0      0      0      0      0      0      0      0      0      0      0      0      0      0      0     
0x7f96775aeeb0           VIADD R153, R15, 0x11880                               1      0      1      8192   262144  262144  32     32     0      0      -             -      -      0      0      0      0      0      0      0      0      0      0      0      0      0      0      0      0      1      0      0      0      0      0      0      0      0      0      0      0      0      0      0      0      0      0      0      0      0      0     
0x7f96775aeec0           SHF.R.U32.HI R152, RZ, 0x2, R49                        0      0      0      8192   262144  262144  32     32     0      0      -             -      -      0      0      0      0      0      0      0      0      0      0      0      0      0      0      0      0      0      0      0      0      0      0      0      0      0      0      0      0      0      0      0      0      0      0      0      0      0      0     
0x7f96775aeed0           STS [R37], R56                                         2      0      2      8192   262144  262144  32     32     0      0      Shared        Store  32     1      0      8192   8192   0      0      0      0      0      0      0      0      0      0      0      0      2      0      0      0      0      0      0      0      0      0      0      0      0      0      0      0      0      0      0      0      0      0     
0x7f96775aeee0           LOP3.LUT R23, R156, 0x60, R23, 0x78, !PT               0      0      0      8192   262144  262144  32     32     0      0      -             -      -      0      0      0      0      0      0      0      0      0      0      0      0      0      0      0      0      0      0      0      0      0      0      0      0      0      0      0      0      0      0      0      0      0      0      0      0      0      0     
0x7f96775aeef0           VIADD R36, R15, 0x11b80                                0      0      0      8192   262144  262144  32     32     0      0      -             -      -      0      0      0      0      0      0      0      0      0      0      0      0      0      0      0      0      0      0      0      0      0      0      0      0      0      0      0      0      0      0      0      0      0      0      0      0      0      0     
0x7f96775aef00           LOP3.LUT R51, R49, 0x60, R152, 0x78, !PT               1      0      1      8192   262144  262144  32     32     0      0      -             -      -      0      0      0      0      0      0      0      0      0      0      0      0      0      0      0      0      1      0      0      0      0      0      0      0      0      0      0      0      0      0      0      0      0      0      0      0      0      0     
0x7f96775aef10           VIADD R156, R15, 0x11580                               0      0      0      8192   262144  262144  32     32     0      0      -             -      -      0      0      0      0      0      0      0      0      0      0      0      0      0      0      0      0      0      0      0      0      0      0      0      0      0      0      0      0      0      0      0      0      0      0      0      0      0      0     
0x7f96775aef20           SHF.R.U32.HI R49, RZ, 0x2, R32                         1      0      1      8192   262144  262144  32     32     0      0      -             -      -      0      0      0      0      0      0      0      0      0      0      0      0      0      0      0      0      1      0      0      0      0      0      0      0      0      0      0      0      0      0      0      0      0      0      0      0      0      0     
0x7f96775aef30           STS [R150], R57                                        1      0      1      8192   262144  262144  32     32     0      0      Shared        Store  32     1      0      8192   8192   0      0      0      0      0      0      0      0      0      0      0      0      1      0      0      0      0      0      0      0      0      0      0      0      0      0      0      0      0      0      0      0      0      0     
0x7f96775aef40           SHF.R.U32.HI R152, RZ, 0x2, R153                       0      0      0      8192   262144  262144  32     32     0      0      -             -      -      0      0      0      0      0      0      0      0      0      0      0      0      0      0      0      0      0      0      0      0      0      0      0      0      0      0      0      0      0      0      0      0      0      0      0      0      0      0     
0x7f96775aef50           LOP3.LUT R32, R32, 0x60, R49, 0x78, !PT                1      0      1      8192   262144  262144  32     32     0      0      -             -      -      0      0      0      0      0      0      0      0      0      0      0      0      0      0      0      0      1      0      0      0      0      0      0      0      0      0      0      0      0      0      0      0      0      0      0      0      0      0     
0x7f96775aef60           VIADD R56, R15, 0x11d00                                0      0      0      8192   262144  262144  32     32     0      0      -             -      -      0      0      0      0      0      0      0      0      0      0      0      0      0      0      0      0      0      0      0      0      0      0      0      0      0      0      0      0      0      0      0      0      0      0      0      0      0      0     
0x7f96775aef70           LOP3.LUT R49, R153, 0x60, R152, 0x78, !PT              1      0      1      8192   262144  262144  32     32     0      0      -             -      -      0      0      0      0      0      0      0      0      0      0      0      0      0      0      0      0      1      0      0      0      0      0      0      0      0      0      0      0      0      0      0      0      0      0      0      0      0      0     
0x7f96775aef80           VIADD R152, R15, 0x11980                               0      0      0      8192   262144  262144  32     32     0      0      -             -      -      0      0      0      0      0      0      0      0      0      0      0      0      0      0      0      0      0      0      0      0      0      0      0      0      0      0      0      0      0      0      0      0      0      0      0      0      0      0     
0x7f96775aef90           SHF.R.U32.HI R53, RZ, 0x2, R54                         0      0      0      8192   262144  262144  32     32     0      0      -             -      -      0      0      0      0      0      0      0      0      0      0      0      0      0      0      0      0      0      0      0      0      0      0      0      0      0      0      0      0      0      0      0      0      0      0      0      0      0      0     
0x7f96775aefa0           STS [R39], R58                                         0      0      0      8192   262144  262144  32     32     0      0      Shared        Store  32     1      0      8192   8192   0      0      0      0      0      0      0      0      0      0      0      0      0      0      0      0      0      0      0      0      0      0      0      0      0      0      0      0      0      0      0      0      0      0     
0x7f96775aefb0           SHF.R.U32.HI R55, RZ, 0x2, R36                         0      0      0      8192   262144  262144  32     32     0      0      -             -      -      0      0      0      0      0      0      0      0      0      0      0      0      0      0      0      0      0      0      0      0      0      0      0      0      0      0      0      0      0      0      0      0      0      0      0      0      0      0     
0x7f96775aefc0           VIADD R150, R15, 0x11e00                               0      0      0      8192   262144  262144  32     32     0      0      -             -      -      0      0      0      0      0      0      0      0      0      0      0      0      0      0      0      0      0      0      0      0      0      0      0      0      0      0      0      0      0      0      0      0      0      0      0      0      0      0     
0x7f96775aefd0           SHF.R.U32.HI R153, RZ, 0x2, R152                       0      0      0      8192   262144  262144  32     32     0      0      -             -      -      0      0      0      0      0      0      0      0      0      0      0      0      0      0      0      0      0      0      0      0      0      0      0      0      0      0      0      0      0      0      0      0      0      0      0      0      0      0     
0x7f96775aefe0           STS [R20], R59                                         0      0      0      8192   262144  262144  32     32     0      0      Shared        Store  32     1      0      8192   8192   0      0      0      0      0      0      0      0      0      0      0      0      0      0      0      0      0      0      0      0      0      0      0      0      0      0      0      0      0      0      0      0      0      0     
0x7f96775aeff0           LOP3.LUT R54, R54, 0x60, R53, 0x78, !PT                1      0      1      8192   262144  262144  32     32     0      0      -             -      -      0      0      0      0      0      0      0      0      0      0      0      0      0      0      0      0      1      0      0      0      0      0      0      0      0      0      0      0      0      0      0      0      0      0      0      0      0      0     
0x7f96775af000           LOP3.LUT R35, R152, 0x60, R153, 0x78, !PT              1      0      1      8192   262144  262144  32     32     0      0      -             -      -      0      0      0      0      0      0      0      0      0      0      0      0      0      0      0      0      1      0      0      0      0      0      0      0      0      0      0      0      0      0      0      0      0      0      0      0      0      0     
0x7f96775af010           VIADD R152, R15, 0x11c00                               1      0      1      8192   262144  262144  32     32     0      0      -             -      -      0      0      0      0      0      0      0      0      0      0      0      0      0      0      0      0      1      0      0      0      0      0      0      0      0      0      0      0      0      0      0      0      0      0      0      0      0      0     
0x7f96775af020           LOP3.LUT R53, R36, 0x60, R55, 0x78, !PT                1      0      1      8192   262144  262144  32     32     0      0      -             -      -      0      0      0      0      0      0      0      0      0      0      0      0      0      0      0      0      1      0      0      0      0      0      0      0      0      0      0      0      0      0      0      0      0      0      0      0      0      0     
0x7f96775af030           VIADD R55, R15, 0x11c80                                0      0      0      8192   262144  262144  32     32     0      0      -             -      -      0      0      0      0      0      0      0      0      0      0      0      0      0      0      0      0      0      0      0      0      0      0      0      0      0      0      0      0      0      0      0      0      0      0      0      0      0      0     
0x7f96775af040           SHF.R.U32.HI R29, RZ, 0x2, R156                        0      0      0      8192   262144  262144  32     32     0      0      -             -      -      0      0      0      0      0      0      0      0      0      0      0      0      0      0      0      0      0      0      0      0      0      0      0      0      0      0      0      0      0      0      0      0      0      0      0      0      0      0     
0x7f96775af050           STS [R19], R60                                         0      0      0      8192   262144  262144  32     32     0      0      Shared        Store  32     1      0      8192   8192   0      0      0      0      0      0      0      0      0      0      0      0      0      0      0      0      0      0      0      0      0      0      0      0      0      0      0      0      0      0      0      0      0      0     
0x7f96775af060           SHF.R.U32.HI R153, RZ, 0x2, R152                       2      0      2      8192   262144  262144  32     32     0      0      -             -      -      0      0      0      0      0      0      0      0      0      0      0      0      0      0      0      0      2      0      0      0      0      0      0      0      0      0      0      0      0      0      0      0      0      0      0      0      0      0     
0x7f96775af070           VIADD R58, R15, 0x12080                                0      0      0      8192   262144  262144  32     32     0      0      -             -      -      0      0      0      0      0      0      0      0      0      0      0      0      0      0      0      0      0      0      0      0      0      0      0      0      0      0      0      0      0      0      0      0      0      0      0      0      0      0     
0x7f96775af080           LOP3.LUT R29, R156, 0x60, R29, 0x78, !PT               0      0      0      8192   262144  262144  32     32     0      0      -             -      -      0      0      0      0      0      0      0      0      0      0      0      0      0      0      0      0      0      0      0      0      0      0      0      0      0      0      0      0      0      0      0      0      0      0      0      0      0      0     
0x7f96775af090           VIADD R156, R15, 0x11a80                               0      0      0      8192   262144  262144  32     32     0      0      -             -      -      0      0      0      0      0      0      0      0      0      0      0      0      0      0      0      0      0      0      0      0      0      0      0      0      0      0      0      0      0      0      0      0      0      0      0      0      0      0     
0x7f96775af0a0           LOP3.LUT R36, R152, 0x60, R153, 0x78, !PT              0      0      0      8192   262144  262144  32     32     0      0      -             -      -      0      0      0      0      0      0      0      0      0      0      0      0      0      0      0      0      0      0      0      0      0      0      0      0      0      0      0      0      0      0      0      0      0      0      0      0      0      0     
0x7f96775af0b0           VIADD R153, R15, 0x11d80                               1      0      1      8192   262144  262144  32     32     0      0      -             -      -      0      0      0      0      0      0      0      0      0      0      0      0      0      0      0      0      1      0      0      0      0      0      0      0      0      0      0      0      0      0      0      0      0      0      0      0      0      0     
0x7f96775af0c0           SHF.R.U32.HI R33, RZ, 0x2, R52                         0      0      0      8192   262144  262144  32     32     0      0      -             -      -      0      0      0      0      0      0      0      0      0      0      0      0      0      0      0      0      0      0      0      0      0      0      0      0      0      0      0      0      0      0      0      0      0      0      0      0      0      0     
0x7f96775af0d0           STS [R40], R61                                         0      0      0      8192   262144  262144  32     32     0      0      Shared        Store  32     1      0      8192   8192   0      0      0      0      0      0      0      0      0      0      0      0      0      0      0      0      0      0      0      0      0      0      0      0      0      0      0      0      0      0      0      0      0      0     
0x7f96775af0e0           SHF.R.U32.HI R152, RZ, 0x2, R55                        1      0      1      8192   262144  262144  32     32     0      0      -             -      -      0      0      0      0      0      0      0      0      0      0      0      0      0      0      0      0      1      0      0      0      0      0      0      0      0      0      0      0      0      0      0      0      0      0      0      0      0      0     
0x7f96775af0f0           VIADD R60, R15, 0x12000                                1      0      1      8192   262144  262144  32     32     0      0      -             -      -      0      0      0      0      0      0      0      0      0      0      0      0      0      0      0      0      1      0      0      0      0      0      0      0      0      0      0      0      0      0      0      0      0      0      0      0      0      0     
0x7f96775af100           LOP3.LUT R52, R52, 0x60, R33, 0x78, !PT                3      1      3      8192   262144  262144  32     32     0      0      -             -      -      0      0      0      0      0      0      0      0      0      0      0      0      0      0      1      0      2      0      0      0      0      0      0      0      0      0      0      0      0      0      0      1      0      0      0      0      0      0     
0x7f96775af110           STS [R21], R62                                         1      0      1      8192   262144  262144  32     32     0      0      Shared        Store  32     1      0      8192   8192   0      0      0      0      0      0      0      0      0      0      0      0      1      0      0      0      0      0      0      0      0      0      0      0      0      0      0      0      0      0      0      0      0      0     
0x7f96775af120           LOP3.LUT R37, R55, 0x60, R152, 0x78, !PT               0      0      0      8192   262144  262144  32     32     0      0      -             -      -      0      0      0      0      0      0      0      0      0      0      0      0      0      0      0      0      0      0      0      0      0      0      0      0      0      0      0      0      0      0      0      0      0      0      0      0      0      0     
0x7f96775af130           SHF.R.U32.HI R33, RZ, 0x2, R156                        0      0      0      8192   262144  262144  32     32     0      0      -             -      -      0      0      0      0      0      0      0      0      0      0      0      0      0      0      0      0      0      0      0      0      0      0      0      0      0      0      0      0      0      0      0      0      0      0      0      0      0      0     
0x7f96775af140           STS [R38], R63                                         0      0      0      8192   262144  262144  32     32     0      0      Shared        Store  32     1      0      8192   8192   0      0      0      0      0      0      0      0      0      0      0      0      0      0      0      0      0      0      0      0      0      0      0      0      0      0      0      0      0      0      0      0      0      0     
0x7f96775af150           SHF.R.U32.HI R55, RZ, 0x2, R56                         2      0      2      8192   262144  262144  32     32     0      0      -             -      -      0      0      0      0      0      0      0      0      0      0      0      0      0      0      0      0      2      0      0      0      0      0      0      0      0      0      0      0      0      0      0      0      0      0      0      0      0      0     
0x7f96775af160           VIADD R40, R15, 0x12200                                0      0      0      8192   262144  262144  32     32     0      0      -             -      -      0      0      0      0      0      0      0      0      0      0      0      0      0      0      0      0      0      0      0      0      0      0      0      0      0      0      0      0      0      0      0      0      0      0      0      0      0      0     
0x7f96775af170           SHF.R.U32.HI R152, RZ, 0x2, R153                       1      0      1      8192   262144  262144  32     32     0      0      -             -      -      0      0      0      0      0      0      0      0      0      0      0      0      0      0      0      0      1      0      0      0      0      0      0      0      0      0      0      0      0      0      0      0      0      0      0      0      0      0     
0x7f96775af180           STS [R151], R64                                        1      1      1      8192   262144  262144  32     32     0      0      Shared        Store  32     1      0      8192   8192   0      0      0      0      0      0      0      0      0      0      1      0      0      0      0      0      0      0      0      0      0      0      0      0      0      0      0      1      0      0      0      0      0      0     
0x7f96775af190           LOP3.LUT R33, R156, 0x60, R33, 0x78, !PT               0      0      0      8192   262144  262144  32     32     0      0      -             -      -      0      0      0      0      0      0      0      0      0      0      0      0      0      0      0      0      0      0      0      0      0      0      0      0      0      0      0      0      0      0      0      0      0      0      0      0      0      0     
0x7f96775af1a0           VIADD R156, R15, 0x11f80                               1      0      1      8192   262144  262144  32     32     0      0      -             -      -      0      0      0      0      0      0      0      0      0      0      0      0      0      0      0      0      1      0      0      0      0      0      0      0      0      0      0      0      0      0      0      0      0      0      0      0      0      0     
0x7f96775af1b0           LOP3.LUT R56, R56, 0x60, R55, 0x78, !PT                0      0      0      8192   262144  262144  32     32     0      0      -             -      -      0      0      0      0      0      0      0      0      0      0      0      0      0      0      0      0      0      0      0      0      0      0      0      0      0      0      0      0      0      0      0      0      0      0      0      0      0      0     
0x7f96775af1c0           STS [R22], R65                                         0      0      0      8192   262144  262144  32     32     0      0      Shared        Store  32     1      0      8192   8192   0      0      0      0      0      0      0      0      0      0      0      0      0      0      0      0      0      0      0      0      0      0      0      0      0      0      0      0      0      0      0      0      0      0     
0x7f96775af1d0           LOP3.LUT R55, R153, 0x60, R152, 0x78, !PT              0      0      0      8192   262144  262144  32     32     0      0      -             -      -      0      0      0      0      0      0      0      0      0      0      0      0      0      0      0      0      0      0      0      0      0      0      0      0      0      0      0      0      0      0      0      0      0      0      0      0      0      0     
0x7f96775af1e0           VIADD R152, R15, 0x11e80                               1      0      1      8192   262144  262144  32     32     0      0      -             -      -      0      0      0      0      0      0      0      0      0      0      0      0      0      0      0      0      1      0      0      0      0      0      0      0      0      0      0      0      0      0      0      0      0      0      0      0      0      0     
0x7f96775af1f0           SHF.R.U32.HI R57, RZ, 0x2, R150                        1      0      1      8192   262144  262144  32     32     0      0      -             -      -      0      0      0      0      0      0      0      0      0      0      0      0      0      0      0      0      1      0      0      0      0      0      0      0      0      0      0      0      0      0      0      0      0      0      0      0      0      0     
0x7f96775af200           VIADD R62, R15, 0x12300                                3      1      3      8192   262144  262144  32     32     0      0      -             -      -      0      0      0      0      0      0      0      0      0      0      0      0      0      0      1      0      2      0      0      0      0      0      0      0      0      0      0      0      0      0      0      1      0      0      0      0      0      0     
0x7f96775af210           SHF.R.U32.HI R59, RZ, 0x2, R58                         1      0      1      8192   262144  262144  32     32     0      0      -             -      -      0      0      0      0      0      0      0      0      0      0      0      0      0      0      0      0      1      0      0      0      0      0      0      0      0      0      0      0      0      0      0      0      0      0      0      0      0      0     
0x7f96775af220           VIADD R64, R15, 0x12500                                4      3      4      8192   262144  262144  32     32     0      0      -             -      -      0      0      0      0      0      0      0      0      0      0      0      0      0      0      0      0      1      3      0      0      0      0      0      0      0      0      0      0      0      0      0      0      0      0      3      0      0      0     
0x7f96775af230           LOP3.LUT R150, R150, 0x60, R57, 0x78, !PT              0      0      0      8192   262144  262144  32     32     0      0      -             -      -      0      0      0      0      0      0      0      0      0      0      0      0      0      0      0      0      0      0      0      0      0      0      0      0      0      0      0      0      0      0      0      0      0      0      0      0      0      0     
0x7f96775af240           STS [R41], R66                                         1      0      1      8192   262144  262144  32     32     0      0      Shared        Store  32     1      0      8192   8192   0      0      0      0      0      0      0      0      0      0      0      0      1      0      0      0      0      0      0      0      0      0      0      0      0      0      0      0      0      0      0      0      0      0     
0x7f96775af250           SHF.R.U32.HI R57, RZ, 0x2, R156                        0      0      0      8192   262144  262144  32     32     0      0      -             -      -      0      0      0      0      0      0      0      0      0      0      0      0      0      0      0      0      0      0      0      0      0      0      0      0      0      0      0      0      0      0      0      0      0      0      0      0      0      0     
0x7f96775af260           VIADD R22, R15, 0x12580                                0      0      0      8192   262144  262144  32     32     0      0      -             -      -      0      0      0      0      0      0      0      0      0      0      0      0      0      0      0      0      0      0      0      0      0      0      0      0      0      0      0      0      0      0      0      0      0      0      0      0      0      0     
0x7f96775af270           SHF.R.U32.HI R153, RZ, 0x2, R152                       0      0      0      8192   262144  262144  32     32     0      0      -             -      -      0      0      0      0      0      0      0      0      0      0      0      0      0      0      0      0      0      0      0      0      0      0      0      0      0      0      0      0      0      0      0      0      0      0      0      0      0      0     
0x7f96775af280           STS [R42], R67                                         0      0      0      8192   262144  262144  32     32     0      0      Shared        Store  32     1      0      8192   8192   0      0      0      0      0      0      0      0      0      0      0      0      0      0      0      0      0      0      0      0      0      0      0      0      0      0      0      0      0      0      0      0      0      0     
0x7f96775af290           LOP3.LUT R19, R156, 0x60, R57, 0x78, !PT               0      0      0      8192   262144  262144  32     32     0      0      -             -      -      0      0      0      0      0      0      0      0      0      0      0      0      0      0      0      0      0      0      0      0      0      0      0      0      0      0      0      0      0      0      0      0      0      0      0      0      0      0     
0x7f96775af2a0           VIADD R156, R15, 0x12480                               1      0      1      8192   262144  262144  32     32     0      0      -             -      -      0      0      0      0      0      0      0      0      0      0      0      0      0      0      0      0      1      0      0      0      0      0      0      0      0      0      0      0      0      0      0      0      0      0      0      0      0      0     
0x7f96775af2b0           LOP3.LUT R39, R152, 0x60, R153, 0x78, !PT              1      0      1      8192   262144  262144  32     32     0      0      -             -      -      0      0      0      0      0      0      0      0      0      0      0      0      0      0      0      0      1      0      0      0      0      0      0      0      0      0      0      0      0      0      0      0      0      0      0      0      0      0     
0x7f96775af2c0           VIADD R152, R15, 0x12100                               0      0      0      8192   262144  262144  32     32     0      0      -             -      -      0      0      0      0      0      0      0      0      0      0      0      0      0      0      0      0      0      0      0      0      0      0      0      0      0      0      0      0      0      0      0      0      0      0      0      0      0      0     
0x7f96775af2d0           SHF.R.U32.HI R57, RZ, 0x2, R60                         0      0      0      8192   262144  262144  32     32     0      0      -             -      -      0      0      0      0      0      0      0      0      0      0      0      0      0      0      0      0      0      0      0      0      0      0      0      0      0      0      0      0      0      0      0      0      0      0      0      0      0      0     
0x7f96775af2e0           VIADD R66, R15, 0x12700                                2      0      2      8192   262144  262144  32     32     0      0      -             -      -      0      0      0      0      0      0      0      0      0      0      0      0      0      0      0      0      2      0      0      0      0      0      0      0      0      0      0      0      0      0      0      0      0      0      0      0      0      0     
0x7f96775af2f0           SHF.R.U32.HI R65, RZ, 0x2, R64                         0      0      0      8192   262144  262144  32     32     0      0      -             -      -      0      0      0      0      0      0      0      0      0      0      0      0      0      0      0      0      0      0      0      0      0      0      0      0      0      0      0      0      0      0      0      0      0      0      0      0      0      0     
0x7f96775af300           STS [R25], R68                                         0      0      0      8192   262144  262144  32     32     0      0      Shared        Store  32     1      0      8192   8192   0      0      0      0      0      0      0      0      0      0      0      0      0      0      0      0      0      0      0      0      0      0      0      0      0      0      0      0      0      0      0      0      0      0     
0x7f96775af310           LOP3.LUT R60, R60, 0x60, R57, 0x78, !PT                0      0      0      8192   262144  262144  32     32     0      0      -             -      -      0      0      0      0      0      0      0      0      0      0      0      0      0      0      0      0      0      0      0      0      0      0      0      0      0      0      0      0      0      0      0      0      0      0      0      0      0      0     
0x7f96775af320           VIADD R42, R15, 0x12800                                0      0      0      8192   262144  262144  32     32     0      0      -             -      -      0      0      0      0      0      0      0      0      0      0      0      0      0      0      0      0      0      0      0      0      0      0      0      0      0      0      0      0      0      0      0      0      0      0      0      0      0      0     
0x7f96775af330           LOP3.LUT R57, R58, 0x60, R59, 0x78, !PT                0      0      0      8192   262144  262144  32     32     0      0      -             -      -      0      0      0      0      0      0      0      0      0      0      0      0      0      0      0      0      0      0      0      0      0      0      0      0      0      0      0      0      0      0      0      0      0      0      0      0      0      0     
0x7f96775af340           VIADD R59, R15, 0x12180                                1      0      1      8192   262144  262144  32     32     0      0      -             -      -      0      0      0      0      0      0      0      0      0      0      0      0      0      0      0      0      1      0      0      0      0      0      0      0      0      0      0      0      0      0      0      0      0      0      0      0      0      0     
0x7f96775af350           SHF.R.U32.HI R153, RZ, 0x2, R152                       0      0      0      8192   262144  262144  32     32     0      0      -             -      -      0      0      0      0      0      0      0      0      0      0      0      0      0      0      0      0      0      0      0      0      0      0      0      0      0      0      0      0      0      0      0      0      0      0      0      0      0      0     
0x7f96775af360           SHF.R.U32.HI R151, RZ, 0x2, R22                        0      0      0      8192   262144  262144  32     32     0      0      -             -      -      0      0      0      0      0      0      0      0      0      0      0      0      0      0      0      0      0      0      0      0      0      0      0      0      0      0      0      0      0      0      0      0      0      0      0      0      0      0     
0x7f96775af370           LOP3.LUT R58, R152, 0x60, R153, 0x78, !PT              0      0      0      8192   262144  262144  32     32     0      0      -             -      -      0      0      0      0      0      0      0      0      0      0      0      0      0      0      0      0      0      0      0      0      0      0      0      0      0      0      0      0      0      0      0      0      0      0      0      0      0      0     
0x7f96775af380           VIADD R153, R15, 0x12280                               1      0      1      8192   262144  262144  32     32     0      0      -             -      -      0      0      0      0      0      0      0      0      0      0      0      0      0      0      0      0      1      0      0      0      0      0      0      0      0      0      0      0      0      0      0      0      0      0      0      0      0      0     
0x7f96775af390           SHF.R.U32.HI R152, RZ, 0x2, R59                        0      0      0      8192   262144  262144  32     32     0      0      -             -      -      0      0      0      0      0      0      0      0      0      0      0      0      0      0      0      0      0      0      0      0      0      0      0      0      0      0      0      0      0      0      0      0      0      0      0      0      0      0     
0x7f96775af3a0           VIADD R68, R15, 0x12a80                                0      0      0      8192   262144  262144  32     32     0      0      -             -      -      0      0      0      0      0      0      0      0      0      0      0      0      0      0      0      0      0      0      0      0      0      0      0      0      0      0      0      0      0      0      0      0      0      0      0      0      0      0     
0x7f96775af3b0           SHF.R.U32.HI R155, RZ, 0x2, R154                       1      0      1      8192   262144  262144  32     32     0      0      -             -      -      0      0      0      0      0      0      0      0      0      0      0      0      0      0      0      0      1      0      0      0      0      0      0      0      0      0      0      0      0      0      0      0      0      0      0      0      0      0     
0x7f96775af3c0           LOP3.LUT R61, R59, 0x60, R152, 0x78, !PT               2      2      2      8192   262144  262144  32     32     0      0      -             -      -      0      0      0      0      0      0      0      0      0      0      0      0      0      0      0      0      0      0      0      0      2      0      0      0      0      0      0      0      0      0      0      0      0      0      0      0      0      2     
0x7f96775af3d0           SHF.R.U32.HI R59, RZ, 0x2, R40                         1      0      1      8192   262144  262144  32     32     0      0      -             -      -      0      0      0      0      0      0      0      0      0      0      0      0      0      0      0      0      1      0      0      0      0      0      0      0      0      0      0      0      0      0      0      0      0      0      0      0      0      0     
0x7f96775af3e0           SHF.R.U32.HI R152, RZ, 0x2, R153                       0      0      0      8192   262144  262144  32     32     0      0      -             -      -      0      0      0      0      0      0      0      0      0      0      0      0      0      0      0      0      0      0      0      0      0      0      0      0      0      0      0      0      0      0      0      0      0      0      0      0      0      0     
0x7f96775af3f0           LOP3.LUT R40, R40, 0x60, R59, 0x78, !PT                1      0      1      8192   262144  262144  32     32     0      0      -             -      -      0      0      0      0      0      0      0      0      0      0      0      0      0      0      0      0      1      0      0      0      0      0      0      0      0      0      0      0      0      0      0      0      0      0      0      0      0      0     
0x7f96775af400           LOP3.LUT R59, R153, 0x60, R152, 0x78, !PT              6      5      6      8192   262144  262144  32     32     0      0      -             -      -      0      0      0      0      0      0      0      0      0      0      0      0      0      0      4      0      1      0      0      0      1      0      0      0      0      0      0      0      0      0      0      4      0      0      0      0      0      1     
0x7f96775af410           VIADD R152, R15, 0x12380                               0      0      0      8192   262144  262144  32     32     0      0      -             -      -      0      0      0      0      0      0      0      0      0      0      0      0      0      0      0      0      0      0      0      0      0      0      0      0      0      0      0      0      0      0      0      0      0      0      0      0      0      0     
0x7f96775af420           LOP3.LUT R64, R64, 0x60, R65, 0x78, !PT                0      0      0      8192   262144  262144  32     32     0      0      -             -      -      0      0      0      0      0      0      0      0      0      0      0      0      0      0      0      0      0      0      0      0      0      0      0      0      0      0      0      0      0      0      0      0      0      0      0      0      0      0     
0x7f96775af430           LOP3.LUT R65, R22, 0x60, R151, 0x78, !PT               1      0      1      8192   262144  262144  32     32     0      0      -             -      -      0      0      0      0      0      0      0      0      0      0      0      0      0      0      0      0      1      0      0      0      0      0      0      0      0      0      0      0      0      0      0      0      0      0      0      0      0      0     
0x7f96775af440           VIADD R151, R15, 0x12680                               0      0      0      8192   262144  262144  32     32     0      0      -             -      -      0      0      0      0      0      0      0      0      0      0      0      0      0      0      0      0      0      0      0      0      0      0      0      0      0      0      0      0      0      0      0      0      0      0      0      0      0      0     
0x7f96775af450           SHF.R.U32.HI R153, RZ, 0x2, R152                       0      0      0      8192   262144  262144  32     32     0      0      -             -      -      0      0      0      0      0      0      0      0      0      0      0      0      0      0      0      0      0      0      0      0      0      0      0      0      0      0      0      0      0      0      0      0      0      0      0      0      0      0     
0x7f96775af460           LOP3.LUT R24, R154, 0x60, R155, 0x78, !PT              5      2      5      8192   262144  262144  32     32     0      0      -             -      -      0      0      0      0      0      0      0      0      0      0      0      0      0      0      0      0      3      0      0      0      2      0      0      0      0      0      0      0      0      0      0      0      0      0      0      0      0      2     
0x7f96775af470           VIADD R154, R15, 0x11500                               1      0      1      8192   262144  262144  32     32     0      0      -             -      -      0      0      0      0      0      0      0      0      0      0      0      0      0      0      0      0      1      0      0      0      0      0      0      0      0      0      0      0      0      0      0      0      0      0      0      0      0      0     
0x7f96775af480           LOP3.LUT R63, R152, 0x60, R153, 0x78, !PT              4      0      4      8192   262144  262144  32     32     0      0      -             -      -      0      0      0      0      0      0      0      0      0      0      0      0      0      0      0      0      4      0      0      0      0      0      0      0      0      0      0      0      0      0      0      0      0      0      0      0      0      0     
0x7f96775af490           VIADD R152, R15, 0x12600                               0      0      0      8192   262144  262144  32     32     0      0      -             -      -      0      0      0      0      0      0      0      0      0      0      0      0      0      0      0      0      0      0      0      0      0      0      0      0      0      0      0      0      0      0      0      0      0      0      0      0      0      0     
0x7f96775af4a0           SHF.R.U32.HI R21, RZ, 0x2, R62                         1      0      1      8192   262144  262144  32     32     0      0      -             -      -      0      0      0      0      0      0      0      0      0      0      0      0      0      0      0      0      1      0      0      0      0      0      0      0      0      0      0      0      0      0      0      0      0      0      0      0      0      0     
0x7f96775af4b0           STS [R24], R69                                         1      0      1      8192   262144  262144  32     32     0      0      Shared        Store  32     1      0      8192   8192   0      0      0      0      0      0      0      0      0      0      0      0      1      0      0      0      0      0      0      0      0      0      0      0      0      0      0      0      0      0      0      0      0      0     
0x7f96775af4c0           SHF.R.U32.HI R155, RZ, 0x2, R154                       0      0      0      8192   262144  262144  32     32     0      0      -             -      -      0      0      0      0      0      0      0      0      0      0      0      0      0      0      0      0      0      0      0      0      0      0      0      0      0      0      0      0      0      0      0      0      0      0      0      0      0      0     
0x7f96775af4d0           SHF.R.U32.HI R153, RZ, 0x2, R152                       1      0      1      8192   262144  262144  32     32     0      0      -             -      -      0      0      0      0      0      0      0      0      0      0      0      0      0      0      0      0      1      0      0      0      0      0      0      0      0      0      0      0      0      0      0      0      0      0      0      0      0      0     
0x7f96775af4e0           STS [R23], R70                                         0      0      0      8192   262144  262144  32     32     0      0      Shared        Store  32     1      0      8192   8192   0      0      0      0      0      0      0      0      0      0      0      0      0      0      0      0      0      0      0      0      0      0      0      0      0      0      0      0      0      0      0      0      0      0     
0x7f96775af4f0           LOP3.LUT R62, R62, 0x60, R21, 0x78, !PT                0      0      0      8192   262144  262144  32     32     0      0      -             -      -      0      0      0      0      0      0      0      0      0      0      0      0      0      0      0      0      0      0      0      0      0      0      0      0      0      0      0      0      0      0      0      0      0      0      0      0      0      0     
0x7f96775af500           LOP3.LUT R22, R152, 0x60, R153, 0x78, !PT              0      0      0      8192   262144  262144  32     32     0      0      -             -      -      0      0      0      0      0      0      0      0      0      0      0      0      0      0      0      0      0      0      0      0      0      0      0      0      0      0      0      0      0      0      0      0      0      0      0      0      0      0     
0x7f96775af510           VIADD R153, R15, 0x12780                               1      0      1      8192   262144  262144  32     32     0      0      -             -      -      0      0      0      0      0      0      0      0      0      0      0      0      0      0      0      0      1      0      0      0      0      0      0      0      0      0      0      0      0      0      0      0      0      0      0      0      0      0     
0x7f96775af520           SHF.R.U32.HI R152, RZ, 0x2, R151                       0      0      0      8192   262144  262144  32     32     0      0      -             -      -      0      0      0      0      0      0      0      0      0      0      0      0      0      0      0      0      0      0      0      0      0      0      0      0      0      0      0      0      0      0      0      0      0      0      0      0      0      0     
0x7f96775af530           STS [R44], R71                                         0      0      0      8192   262144  262144  32     32     0      0      Shared        Store  32     1      0      8192   8192   0      0      0      0      0      0      0      0      0      0      0      0      0      0      0      0      0      0      0      0      0      0      0      0      0      0      0      0      0      0      0      0      0      0     
0x7f96775af540           SHF.R.U32.HI R21, RZ, 0x2, R156                        0      0      0      8192   262144  262144  32     32     0      0      -             -      -      0      0      0      0      0      0      0      0      0      0      0      0      0      0      0      0      0      0      0      0      0      0      0      0      0      0      0      0      0      0      0      0      0      0      0      0      0      0     
0x7f96775af550           LOP3.LUT R151, R151, 0x60, R152, 0x78, !PT             0      0      0      8192   262144  262144  32     32     0      0      -             -      -      0      0      0      0      0      0      0      0      0      0      0      0      0      0      0      0      0      0      0      0      0      0      0      0      0      0      0      0      0      0      0      0      0      0      0      0      0      0     
0x7f96775af560           VIADD R70, R15, 0x12a00                                1      1      1      8192   262144  262144  32     32     0      0      -             -      -      0      0      0      0      0      0      0      0      0      0      0      0      0      0      0      0      0      1      0      0      0      0      0      0      0      0      0      0      0      0      0      0      0      0      1      0      0      0     
0x7f96775af570           SHF.R.U32.HI R41, RZ, 0x2, R66                         0      0      0      8192   262144  262144  32     32     0      0      -             -      -      0      0      0      0      0      0      0      0      0      0      0      0      0      0      0      0      0      0      0      0      0      0      0      0      0      0      0      0      0      0      0      0      0      0      0      0      0      0     
0x7f96775af580           STS [R43], R72                                         1      0      1      8192   262144  262144  32     32     0      0      Shared        Store  32     1      0      8192   8192   0      0      0      0      0      0      0      0      0      0      0      0      1      0      0      0      0      0      0      0      0      0      0      0      0      0      0      0      0      0      0      0      0      0     
0x7f96775af590           SHF.R.U32.HI R152, RZ, 0x2, R153                       0      0      0      8192   262144  262144  32     32     0      0      -             -      -      0      0      0      0      0      0      0      0      0      0      0      0      0      0      0      0      0      0      0      0      0      0      0      0      0      0      0      0      0      0      0      0      0      0      0      0      0      0     
0x7f96775af5a0           LOP3.LUT R30, R154, 0x60, R155, 0x78, !PT              1      1      1      8192   262144  262144  32     32     0      0      -             -      -      0      0      0      0      0      0      0      0      0      0      0      0      0      0      0      0      0      0      0      0      1      0      0      0      0      0      0      0      0      0      0      0      0      0      0      0      0      1     
0x7f96775af5b0           VIADD R154, R15, 0x11a00                               0      0      0      8192   262144  262144  32     32     0      0      -             -      -      0      0      0      0      0      0      0      0      0      0      0      0      0      0      0      0      0      0      0      0      0      0      0      0      0      0      0      0      0      0      0      0      0      0      0      0      0      0     
0x7f96775af5c0           LOP3.LUT R21, R156, 0x60, R21, 0x78, !PT               0      0      0      8192   262144  262144  32     32     0      0      -             -      -      0      0      0      0      0      0      0      0      0      0      0      0      0      0      0      0      0      0      0      0      0      0      0      0      0      0      0      0      0      0      0      0      0      0      0      0      0      0     
0x7f96775af5d0           VIADD R156, R15, 0x12980                               0      0      0      8192   262144  262144  32     32     0      0      -             -      -      0      0      0      0      0      0      0      0      0      0      0      0      0      0      0      0      0      0      0      0      0      0      0      0      0      0      0      0      0      0      0      0      0      0      0      0      0      0     
0x7f96775af5e0           LOP3.LUT R66, R66, 0x60, R41, 0x78, !PT                2      0      2      8192   262144  262144  32     32     0      0      -             -      -      0      0      0      0      0      0      0      0      0      0      0      0      0      0      0      0      2      0      0      0      0      0      0      0      0      0      0      0      0      0      0      0      0      0      0      0      0      0     
0x7f96775af5f0           VIADD R44, R15, 0x12c00                                0      0      0      8192   262144  262144  32     32     0      0      -             -      -      0      0      0      0      0      0      0      0      0      0      0      0      0      0      0      0      0      0      0      0      0      0      0      0      0      0      0      0      0      0      0      0      0      0      0      0      0      0     
0x7f96775af600           LOP3.LUT R41, R153, 0x60, R152, 0x78, !PT              0      0      0      8192   262144  262144  32     32     0      0      -             -      -      0      0      0      0      0      0      0      0      0      0      0      0      0      0      0      0      0      0      0      0      0      0      0      0      0      0      0      0      0      0      0      0      0      0      0      0      0      0     
0x7f96775af610           VIADD R152, R15, 0x12880                               0      0      0      8192   262144  262144  32     32     0      0      -             -      -      0      0      0      0      0      0      0      0      0      0      0      0      0      0      0      0      0      0      0      0      0      0      0      0      0      0      0      0      0      0      0      0      0      0      0      0      0      0     
0x7f96775af620           SHF.R.U32.HI R67, RZ, 0x2, R42                         1      0      1      8192   262144  262144  32     32     0      0      -             -      -      0      0      0      0      0      0      0      0      0      0      0      0      0      0      0      0      1      0      0      0      0      0      0      0      0      0      0      0      0      0      0      0      0      0      0      0      0      0     
0x7f96775af630           STS [R26], R73                                         0      0      0      8192   262144  262144  32     32     0      0      Shared        Store  32     1      0      8192   8192   0      0      0      0      0      0      0      0      0      0      0      0      0      0      0      0      0      0      0      0      0      0      0      0      0      0      0      0      0      0      0      0      0      0     
0x7f96775af640           SHF.R.U32.HI R155, RZ, 0x2, R154                       0      0      0      8192   262144  262144  32     32     0      0      -             -      -      0      0      0      0      0      0      0      0      0      0      0      0      0      0      0      0      0      0      0      0      0      0      0      0      0      0      0      0      0      0      0      0      0      0      0      0      0      0     
0x7f96775af650           VIADD R72, R15, 0x12d00                                1      0      1      8192   262144  262144  32     32     0      0      -             -      -      0      0      0      0      0      0      0      0      0      0      0      0      0      0      0      0      1      0      0      0      0      0      0      0      0      0      0      0      0      0      0      0      0      0      0      0      0      0     
0x7f96775af660           LOP3.LUT R42, R42, 0x60, R67, 0x78, !PT                0      0      0      8192   262144  262144  32     32     0      0      -             -      -      0      0      0      0      0      0      0      0      0      0      0      0      0      0      0      0      0      0      0      0      0      0      0      0      0      0      0      0      0      0      0      0      0      0      0      0      0      0     
0x7f96775af670           STS [R45], R74                                         1      0      1      8192   262144  262144  32     32     0      0      Shared        Store  32     1      0      8192   8192   0      0      0      0      0      0      0      0      0      0      0      0      1      0      0      0      0      0      0      0      0      0      0      0      0      0      0      0      0      0      0      0      0      0     
0x7f96775af680           SHF.R.U32.HI R67, RZ, 0x2, R156                        0      0      0      8192   262144  262144  32     32     0      0      -             -      -      0      0      0      0      0      0      0      0      0      0      0      0      0      0      0      0      0      0      0      0      0      0      0      0      0      0      0      0      0      0      0      0      0      0      0      0      0      0     
0x7f96775af690           SHF.R.U32.HI R153, RZ, 0x2, R152                       0      0      0      8192   262144  262144  32     32     0      0      -             -      -      0      0      0      0      0      0      0      0      0      0      0      0      0      0      0      0      0      0      0      0      0      0      0      0      0      0      0      0      0      0      0      0      0      0      0      0      0      0     
0x7f96775af6a0           STS [R46], R75                                         0      0      0      8192   262144  262144  32     32     0      0      Shared        Store  32     1      0      8192   8192   0      0      0      0      0      0      0      0      0      0      0      0      0      0      0      0      0      0      0      0      0      0      0      0      0      0      0      0      0      0      0      0      0      0     
0x7f96775af6b0           LOP3.LUT R34, R154, 0x60, R155, 0x78, !PT              1      0      1      8192   262144  262144  32     32     0      0      -             -      -      0      0      0      0      0      0      0      0      0      0      0      0      0      0      0      0      1      0      0      0      0      0      0      0      0      0      0      0      0      0      0      0      0      0      0      0      0      0     
0x7f96775af6c0           VIADD R154, R15, 0x11f00                               0      0      0      8192   262144  262144  32     32     0      0      -             -      -      0      0      0      0      0      0      0      0      0      0      0      0      0      0      0      0      0      0      0      0      0      0      0      0      0      0      0      0      0      0      0      0      0      0      0      0      0      0     
0x7f96775af6d0           LOP3.LUT R23, R156, 0x60, R67, 0x78, !PT               0      0      0      8192   262144  262144  32     32     0      0      -             -      -      0      0      0      0      0      0      0      0      0      0      0      0      0      0      0      0      0      0      0      0      0      0      0      0      0      0      0      0      0      0      0      0      0      0      0      0      0      0     
0x7f96775af6e0           STS [R27], R76                                         0      0      0      8192   262144  262144  32     32     0      0      Shared        Store  32     1      0      8192   8192   0      0      0      0      0      0      0      0      0      0      0      0      0      0      0      0      0      0      0      0      0      0      0      0      0      0      0      0      0      0      0      0      0      0     
0x7f96775af6f0           LOP3.LUT R25, R152, 0x60, R153, 0x78, !PT              1      0      1      8192   262144  262144  32     32     0      0      -             -      -      0      0      0      0      0      0      0      0      0      0      0      0      0      0      0      0      1      0      0      0      0      0      0      0      0      0      0      0      0      0      0      0      0      0      0      0      0      0     
0x7f96775af700           VIADD R152, R15, 0x12b00                               2      2      2      8192   262144  262144  32     32     0      0      -             -      -      0      0      0      0      0      0      0      0      0      0      0      0      0      0      2      0      0      0      0      0      0      0      0      0      0      0      0      0      0      0      0      2      0      0      0      0      0      0     
0x7f96775af710           SHF.R.U32.HI R67, RZ, 0x2, R70                         1      0      1      8192   262144  262144  32     32     0      0      -             -      -      0      0      0      0      0      0      0      0      0      0      0      0      0      0      0      0      1      0      0      0      0      0      0      0      0      0      0      0      0      0      0      0      0      0      0      0      0      0     
0x7f96775af720           VIADD R74, R15, 0x12f00                                1      0      1      8192   262144  262144  32     32     0      0      -             -      -      0      0      0      0      0      0      1      0      0      0      0      0      0      0      0      0      0      0      0      0      0      0      0      0      0      0      0      0      0      0      0      0      0      0      0      0      0      0     
0x7f96775af730           SHF.R.U32.HI R69, RZ, 0x2, R68                         0      0      0      8192   262144  262144  32     32     0      0      -             -      -      0      0      0      0      0      0      0      0      0      0      0      0      0      0      0      0      0      0      0      0      0      0      0      0      0      0      0      0      0      0      0      0      0      0      0      0      0      0     
0x7f96775af740           VIADD R46, R15, 0x12f80                                1      1      1      8192   262144  262144  32     32     0      0      -             -      -      0      0      0      0      0      0      0      0      0      0      0      0      0      0      0      0      0      1      0      0      0      0      0      0      0      0      0      0      0      0      0      0      0      0      1      0      0      0     
0x7f96775af750           SHF.R.U32.HI R155, RZ, 0x2, R154                       1      0      1      8192   262144  262144  32     32     0      0      -             -      -      0      0      0      0      0      0      0      0      0      0      0      0      0      0      0      0      1      0      0      0      0      0      0      0      0      0      0      0      0      0      0      0      0      0      0      0      0      0     
0x7f96775af760           STS [R28], R77                                         0      0      0      8192   262144  262144  32     32     0      0      Shared        Store  32     1      0      8192   8192   0      0      0      0      0      0      0      0      0      0      0      0      0      0      0      0      0      0      0      0      0      0      0      0      0      0      0      0      0      0      0      0      0      0     
0x7f96775af770           LOP3.LUT R70, R70, 0x60, R67, 0x78, !PT                1      0      1      8192   262144  262144  32     32     0      0      -             -      -      0      0      0      0      0      0      0      0      0      0      0      0      0      0      0      0      1      0      0      0      0      0      0      0      0      0      0      0      0      0      0      0      0      0      0      0      0      0     
0x7f96775af780           VIADD R27, R15, 0x13100                                2      1      2      8192   262144  262144  32     32     0      0      -             -      -      0      0      0      0      0      0      0      0      0      0      0      0      0      0      1      0      1      0      0      0      0      0      0      0      0      0      0      0      0      0      0      1      0      0      0      0      0      0     
0x7f96775af790           LOP3.LUT R67, R68, 0x60, R69, 0x78, !PT                0      0      0      8192   262144  262144  32     32     0      0      -             -      -      0      0      0      0      0      0      0      0      0      0      0      0      0      0      0      0      0      0      0      0      0      0      0      0      0      0      0      0      0      0      0      0      0      0      0      0      0      0     
0x7f96775af7a0           VIADD R69, R15, 0x12b80                                0      0      0      8192   262144  262144  32     32     0      0      -             -      -      0      0      0      0      0      0      0      0      0      0      0      0      0      0      0      0      0      0      0      0      0      0      0      0      0      0      0      0      0      0      0      0      0      0      0      0      0      0     
0x7f96775af7b0           SHF.R.U32.HI R153, RZ, 0x2, R152                       1      0      1      8192   262144  262144  32     32     0      0      -             -      -      0      0      0      0      0      0      0      0      0      0      0      0      0      0      0      0      1      0      0      0      0      0      0      0      0      0      0      0      0      0      0      0      0      0      0      0      0      0     
0x7f96775af7c0           STS [R47], R78                                         1      0      1      8192   262144  262144  32     32     0      0      Shared        Store  32     1      0      8192   8192   0      0      0      0      0      0      0      0      0      0      0      0      1      0      0      0      0      0      0      0      0      0      0      0      0      0      0      0      0      0      0      0      0      0     
0x7f96775af7d0           LOP3.LUT R20, R154, 0x60, R155, 0x78, !PT              1      0      1      8192   262144  262144  32     32     0      0      -             -      -      0      0      0      0      0      0      0      0      0      0      0      0      0      0      0      0      1      0      0      0      0      0      0      0      0      0      0      0      0      0      0      0      0      0      0      0      0      0     
0x7f96775af7e0           VIADD R154, R15, 0x12400                               0      0      0      8192   262144  262144  32     32     0      0      -             -      -      0      0      0      0      0      0      0      0      0      0      0      0      0      0      0      0      0      0      0      0      0      0      0      0      0      0      0      0      0      0      0      0      0      0      0      0      0      0     
0x7f96775af7f0           LOP3.LUT R68, R152, 0x60, R153, 0x78, !PT              0      0      0      8192   262144  262144  32     32     0      0      -             -      -      0      0      0      0      0      0      0      0      0      0      0      0      0      0      0      0      0      0      0      0      0      0      0      0      0      0      0      0      0      0      0      0      0      0      0      0      0      0     
0x7f96775af800           VIADD R153, R15, 0x12c80                               2      1      2      8192   262144  262144  32     32     0      0      -             -      -      0      0      0      0      0      0      0      0      0      0      0      0      0      0      1      0      1      0      0      0      0      0      0      0      0      0      0      0      0      0      0      1      0      0      0      0      0      0     
0x7f96775af810           SHF.R.U32.HI R152, RZ, 0x2, R69                        0      0      0      8192   262144  262144  32     32     0      0      -             -      -      0      0      0      0      0      0      0      0      0      0      0      0      0      0      0      0      0      0      0      0      0      0      0      0      0      0      0      0      0      0      0      0      0      0      0      0      0      0     
0x7f96775af820           VIADD R77, R15, 0x13280                                1      0      1      8192   262144  262144  32     32     0      0      -             -      -      0      0      0      0      0      0      0      0      0      0      0      0      0      0      0      0      1      0      0      0      0      0      0      0      0      0      0      0      0      0      0      0      0      0      0      0      0      0     
0x7f96775af830           SHF.R.U32.HI R155, RZ, 0x2, R154                       0      0      0      8192   262144  262144  32     32     0      0      -             -      -      0      0      0      0      0      0      0      0      0      0      0      0      0      0      0      0      0      0      0      0      0      0      0      0      0      0      0      0      0      0      0      0      0      0      0      0      0      0     
0x7f96775af840           VIADD R156, R15, 0x12e80                               2      0      2      8192   262144  262144  32     32     0      0      -             -      -      0      0      0      0      0      0      0      0      0      0      0      0      0      0      0      0      2      0      0      0      0      0      0      0      0      0      0      0      0      0      0      0      0      0      0      0      0      0     
0x7f96775af850           LOP3.LUT R71, R69, 0x60, R152, 0x78, !PT               0      0      0      8192   262144  262144  32     32     0      0      -             -      -      0      0      0      0      0      0      0      0      0      0      0      0      0      0      0      0      0      0      0      0      0      0      0      0      0      0      0      0      0      0      0      0      0      0      0      0      0      0     
0x7f96775af860           STS [R30], R79                                         2      0      2      8192   262144  262144  32     32     0      0      Shared        Store  32     1      0      8192   8192   0      0      0      0      0      0      0      0      0      0      0      0      2      0      0      0      0      0      0      0      0      0      0      0      0      0      0      0      0      0      0      0      0      0     
0x7f96775af870           SHF.R.U32.HI R69, RZ, 0x2, R44                         0      0      0      8192   262144  262144  32     32     0      0      -             -      -      0      0      0      0      0      0      0      0      0      0      0      0      0      0      0      0      0      0      0      0      0      0      0      0      0      0      0      0      0      0      0      0      0      0      0      0      0      0     
0x7f96775af880           LOP3.LUT R38, R154, 0x60, R155, 0x78, !PT              4      3      4      8192   262144  262144  32     32     0      0      -             -      -      0      0      0      0      0      0      0      0      0      0      0      0      0      0      2      0      1      0      0      0      1      0      0      0      0      0      0      0      0      0      0      2      0      0      0      0      0      1     
0x7f96775af890           VIADD R154, R15, 0x12900                               2      0      2      8192   262144  262144  32     32     0      0      -             -      -      0      0      0      0      0      0      0      0      0      0      0      0      0      0      0      0      2      0      0      0      0      0      0      0      0      0      0      0      0      0      0      0      0      0      0      0      0      0     
0x7f96775af8a0           SHF.R.U32.HI R152, RZ, 0x2, R153                       0      0      0      8192   262144  262144  32     32     0      0      -             -      -      0      0      0      0      0      0      0      0      0      0      0      0      0      0      0      0      0      0      0      0      0      0      0      0      0      0      0      0      0      0      0      0      0      0      0      0      0      0     
0x7f96775af8b0           STS [R29], R80                                         1      0      1      8192   262144  262144  32     32     0      0      Shared        Store  32     1      0      8192   8192   0      0      0      0      0      0      0      0      0      0      0      0      1      0      0      0      0      0      0      0      0      0      0      0      0      0      0      0      0      0      0      0      0      0     
0x7f96775af8c0           LOP3.LUT R44, R44, 0x60, R69, 0x78, !PT                0      0      0      8192   262144  262144  32     32     0      0      -             -      -      0      0      0      0      0      0      0      0      0      0      0      0      0      0      0      0      0      0      0      0      0      0      0      0      0      0      0      0      0      0      0      0      0      0      0      0      0      0     
0x7f96775af8d0           LOP3.LUT R69, R153, 0x60, R152, 0x78, !PT              1      1      1      8192   262144  262144  32     32     0      0      -             -      -      0      0      0      0      0      0      0      0      0      0      0      0      0      0      0      0      0      0      0      0      1      0      0      0      0      0      0      0      0      0      0      0      0      0      0      0      0      1     
0x7f96775af8e0           VIADD R152, R15, 0x12d80                               0      0      0      8192   262144  262144  32     32     0      0      -             -      -      0      0      0      0      0      0      0      0      0      0      0      0      0      0      0      0      0      0      0      0      0      0      0      0      0      0      0      0      0      0      0      0      0      0      0      0      0      0     
0x7f96775af8f0           SHF.R.U32.HI R155, RZ, 0x2, R154                       0      0      0      8192   262144  262144  32     32     0      0      -             -      -      0      0      0      0      0      0      0      0      0      0      0      0      0      0      0      0      0      0      0      0      0      0      0      0      0      0      0      0      0      0      0      0      0      0      0      0      0      0     
0x7f96775af900           VIADD R30, R15, 0x13400                                0      0      0      8192   262144  262144  32     32     0      0      -             -      -      0      0      0      0      0      0      0      0      0      0      0      0      0      0      0      0      0      0      0      0      0      0      0      0      0      0      0      0      0      0      0      0      0      0      0      0      0      0     
0x7f96775af910           SHF.R.U32.HI R73, RZ, 0x2, R74                         0      0      0      8192   262144  262144  32     32     0      0      -             -      -      0      0      0      0      0      0      0      0      0      0      0      0      0      0      0      0      0      0      0      0      0      0      0      0      0      0      0      0      0      0      0      0      0      0      0      0      0      0     
0x7f96775af920           STS [R50], R81                                         1      0      1      8192   262144  262144  32     32     0      0      Shared        Store  32     1      0      8192   8192   0      0      0      0      0      0      0      0      0      0      0      0      1      0      0      0      0      0      0      0      0      0      0      0      0      0      0      0      0      0      0      0      0      0     
0x7f96775af930           LOP3.LUT R24, R154, 0x60, R155, 0x78, !PT              2      0      2      8192   262144  262144  32     32     0      0      -             -      -      0      0      0      0      0      0      1      0      0      0      0      0      0      0      0      0      1      0      0      0      0      0      0      0      0      0      0      0      0      0      0      0      0      0      0      0      0      0     
0x7f96775af940           VIADD R154, R15, 0x12e00                               0      0      0      8192   262144  262144  32     32     0      0      -             -      -      0      0      0      0      0      0      0      0      0      0      0      0      0      0      0      0      0      0      0      0      0      0      0      0      0      0      0      0      0      0      0      0      0      0      0      0      0      0     
0x7f96775af950           SHF.R.U32.HI R153, RZ, 0x2, R152                       0      0      0      8192   262144  262144  32     32     0      0      -             -      -      0      0      0      0      0      0      0      0      0      0      0      0      0      0      0      0      0      0      0      0      0      0      0      0      0      0      0      0      0      0      0      0      0      0      0      0      0      0     
0x7f96775af960           STS [R31], R82                                         0      0      0      8192   262144  262144  32     32     0      0      Shared        Store  32     1      0      8192   8192   0      0      0      0      0      0      0      0      0      0      0      0      0      0      0      0      0      0      0      0      0      0      0      0      0      0      0      0      0      0      0      0      0      0     
0x7f96775af970           SHF.R.U32.HI R75, RZ, 0x2, R46                         1      0      1      8192   262144  262144  32     32     0      0      -             -      -      0      0      0      0      0      0      0      0      0      0      0      0      0      0      0      0      1      0      0      0      0      0      0      0      0      0      0      0      0      0      0      0      0      0      0      0      0      0     
0x7f96775af980           VIADD R80, R15, 0x13500                                1      0      1      8192   262144  262144  32     32     0      0      -             -      -      0      0      0      0      0      0      0      0      0      0      0      0      0      0      0      0      1      0      0      0      0      0      0      0      0      0      0      0      0      0      0      0      0      0      0      0      0      0     
0x7f96775af990           LOP3.LUT R45, R152, 0x60, R153, 0x78, !PT              0      0      0      8192   262144  262144  32     32     0      0      -             -      -      0      0      0      0      0      0      0      0      0      0      0      0      0      0      0      0      0      0      0      0      0      0      0      0      0      0      0      0      0      0      0      0      0      0      0      0      0      0     
0x7f96775af9a0           VIADD R152, R15, 0x13000                               0      0      0      8192   262144  262144  32     32     0      0      -             -      -      0      0      0      0      0      0      0      0      0      0      0      0      0      0      0      0      0      0      0      0      0      0      0      0      0      0      0      0      0      0      0      0      0      0      0      0      0      0     
0x7f96775af9b0           SHF.R.U32.HI R155, RZ, 0x2, R154                       1      0      1      8192   262144  262144  32     32     0      0      -             -      -      0      0      0      0      0      0      0      0      0      0      0      0      0      0      0      0      1      0      0      0      0      0      0      0      0      0      0      0      0      0      0      0      0      0      0      0      0      0     
0x7f96775af9c0           VIADD R153, R15, 0x13180                               0      0      0      8192   262144  262144  32     32     0      0      -             -      -      0      0      0      0      0      0      0      0      0      0      0      0      0      0      0      0      0      0      0      0      0      0      0      0      0      0      0      0      0      0      0      0      0      0      0      0      0      0     
0x7f96775af9d0           LOP3.LUT R74, R74, 0x60, R73, 0x78, !PT                0      0      0      8192   262144  262144  32     32     0      0      -             -      -      0      0      0      0      0      0      0      0      0      0      0      0      0      0      0      0      0      0      0      0      0      0      0      0      0      0      0      0      0      0      0      0      0      0      0      0      0      0     
0x7f96775af9e0           STS [R48], R83                                         0      0      0      8192   262144  262144  32     32     0      0      Shared        Store  32     1      0      8192   8192   0      0      0      0      0      0      0      0      0      0      0      0      0      0      0      0      0      0      0      0      0      0      0      0      0      0      0      0      0      0      0      0      0      0     
0x7f96775af9f0           LOP3.LUT R46, R46, 0x60, R75, 0x78, !PT                0      0      0      8192   262144  262144  32     32     0      0      -             -      -      0      0      0      0      0      0      0      0      0      0      0      0      0      0      0      0      0      0      0      0      0      0      0      0      0      0      0      0      0      0      0      0      0      0      0      0      0      0     
0x7f96775afa00           VIADD R75, R15, 0x13080                                1      1      1      8192   262144  262144  32     32     0      0      -             -      -      0      0      0      0      0      0      0      0      0      0      0      0      0      0      1      0      0      0      0      0      0      0      0      0      0      0      0      0      0      0      0      1      0      0      0      0      0      0     
0x7f96775afa10           LOP3.LUT R26, R154, 0x60, R155, 0x78, !PT              1      0      1      8192   262144  262144  32     32     0      0      -             -      -      0      0      0      0      0      0      0      0      0      0      0      0      0      0      0      0      1      0      0      0      0      0      0      0      0      0      0      0      0      0      0      0      0      0      0      0      0      0     
0x7f96775afa20           VIADD R155, R15, 0x13380                               0      0      0      8192   262144  262144  32     32     0      0      -             -      -      0      0      0      0      0      0      0      0      0      0      0      0      0      0      0      0      0      0      0      0      0      0      0      0      0      0      0      0      0      0      0      0      0      0      0      0      0      0     
0x7f96775afa30           SHF.R.U32.HI R73, RZ, 0x2, R152                        1      0      1      8192   262144  262144  32     32     0      0      -             -      -      0      0      0      0      0      0      0      0      0      0      0      0      0      0      0      0      1      0      0      0      0      0      0      0      0      0      0      0      0      0      0      0      0      0      0      0      0      0     
0x7f96775afa40           STS [R51], R84                                         0      0      0      8192   262144  262144  32     32     0      0      Shared        Store  32     1      0      8192   8192   0      0      0      0      0      0      0      0      0      0      0      0      0      0      0      0      0      0      0      0      0      0      0      0      0      0      0      0      0      0      0      0      0      0     
0x7f96775afa50           SHF.R.U32.HI R76, RZ, 0x2, R27                         1      0      1      8192   262144  262144  32     32     0      0      -             -      -      0      0      0      0      0      0      0      0      0      0      0      0      0      0      0      0      1      0      0      0      0      0      0      0      0      0      0      0      0      0      0      0      0      0      0      0      0      0     
0x7f96775afa60           VIADD R50, R15, 0x13600                                0      0      0      8192   262144  262144  32     32     0      0      -             -      -      0      0      0      0      0      0      0      0      0      0      0      0      0      0      0      0      0      0      0      0      0      0      0      0      0      0      0      0      0      0      0      0      0      0      0      0      0      0     
0x7f96775afa70           LOP3.LUT R73, R152, 0x60, R73, 0x78, !PT               0      0      0      8192   262144  262144  32     32     0      0      -             -      -      0      0      0      0      0      0      0      0      0      0      0      0      0      0      0      0      0      0      0      0      0      0      0      0      0      0      0      0      0      0      0      0      0      0      0      0      0      0     
0x7f96775afa80           STS [R32], R85                                         2      2      2      8192   262144  262144  32     32     0      0      Shared        Store  32     1      0      8192   8192   0      0      0      0      0      0      0      0      0      0      2      0      0      0      0      0      0      0      0      0      0      0      0      0      0      0      0      2      0      0      0      0      0      0     
0x7f96775afa90           SHF.R.U32.HI R152, RZ, 0x2, R75                        0      0      0      8192   262144  262144  32     32     0      0      -             -      -      0      0      0      0      0      0      0      0      0      0      0      0      0      0      0      0      0      0      0      0      0      0      0      0      0      0      0      0      0      0      0      0      0      0      0      0      0      0     
0x7f96775afaa0           VIADD R82, R15, 0x13780                                0      0      0      8192   262144  262144  32     32     0      0      -             -      -      0      0      0      0      0      0      0      0      0      0      0      0      0      0      0      0      0      0      0      0      0      0      0      0      0      0      0      0      0      0      0      0      0      0      0      0      0      0     
0x7f96775afab0           SHF.R.U32.HI R154, RZ, 0x2, R153                       1      0      1      8192   262144  262144  32     32     0      0      -             -      -      0      0      0      0      0      0      0      0      0      0      0      0      0      0      0      0      1      0      0      0      0      0      0      0      0      0      0      0      0      0      0      0      0      0      0      0      0      0     
0x7f96775afac0           STS [R49], R86                                         0      0      0      8192   262144  262144  32     32     0      0      Shared        Store  32     1      0      8192   8192   0      0      0      0      0      0      0      0      0      0      0      0      0      0      0      0      0      0      0      0      0      0      0      0      0      0      0      0      0      0      0      0      0      0     
0x7f96775afad0           SHF.R.U32.HI R43, RZ, 0x2, R72                         2      0      2      8192   262144  262144  32     32     0      0      -             -      -      0      0      0      0      0      0      0      0      0      0      0      0      0      0      0      0      2      0      0      0      0      0      0      0      0      0      0      0      0      0      0      0      0      0      0      0      0      0     
0x7f96775afae0           VIADD R48, R15, 0x13980                                0      0      0      8192   262144  262144  32     32     0      0      -             -      -      0      0      0      0      0      0      0      0      0      0      0      0      0      0      0      0      0      0      0      0      0      0      0      0      0      0      0      0      0      0      0      0      0      0      0      0      0      0     
0x7f96775afaf0           SHF.R.U32.HI R78, RZ, 0x2, R155                        0      0      0      8192   262144  262144  32     32     0      0      -             -      -      0      0      0      0      0      0      0      0      0      0      0      0      0      0      0      0      0      0      0      0      0      0      0      0      0      0      0      0      0      0      0      0      0      0      0      0      0      0     
0x7f96775afb00           STS [R52], R87                                         1      0      1      8192   262144  262144  32     32     0      0      Shared        Store  32     1      0      8192   8192   0      0      0      0      0      0      0      0      0      0      0      0      1      0      0      0      0      0      0      0      0      0      0      0      0      0      0      0      0      0      0      0      0      0     
0x7f96775afb10           LOP3.LUT R27, R27, 0x60, R76, 0x78, !PT                1      0      1      8192   262144  262144  32     32     0      0      -             -      -      0      0      0      0      0      0      0      0      0      0      0      0      0      0      0      0      1      0      0      0      0      0      0      0      0      0      0      0      0      0      0      0      0      0      0      0      0      0     
0x7f96775afb20           VIADD R32, R15, 0x13900                                1      1      1      8192   262144  262144  32     32     0      0      -             -      -      0      0      0      0      0      0      0      0      0      0      0      0      0      0      0      0      0      1      0      0      0      0      0      0      0      0      0      0      0      0      0      0      0      0      1      0      0      0     
0x7f96775afb30           LOP3.LUT R152, R75, 0x60, R152, 0x78, !PT              0      0      0      8192   262144  262144  32     32     0      0      -             -      -      0      0      0      0      0      0      0      0      0      0      0      0      0      0      0      0      0      0      0      0      0      0      0      0      0      0      0      0      0      0      0      0      0      0      0      0      0      0     
0x7f96775afb40           VIADD R75, R15, 0x13200                                0      0      0      8192   262144  262144  32     32     0      0      -             -      -      0      0      0      0      0      0      0      0      0      0      0      0      0      0      0      0      0      0      0      0      0      0      0      0      0      0      0      0      0      0      0      0      0      0      0      0      0      0     
0x7f96775afb50           LOP3.LUT R76, R153, 0x60, R154, 0x78, !PT              0      0      0      8192   262144  262144  32     32     0      0      -             -      -      0      0      0      0      0      0      0      0      0      0      0      0      0      0      0      0      0      0      0      0      0      0      0      0      0      0      0      0      0      0      0      0      0      0      0      0      0      0     
0x7f96775afb60           VIADD R153, R15, 0x13300                               1      0      1      8192   262144  262144  32     32     0      0      -             -      -      0      0      0      0      0      0      0      0      0      0      0      0      0      0      0      0      1      0      0      0      0      0      0      0      0      0      0      0      0      0      0      0      0      0      0      0      0      0     
0x7f96775afb70           LOP3.LUT R72, R72, 0x60, R43, 0x78, !PT                2      0      2      8192   262144  262144  32     32     0      0      -             -      -      0      0      0      0      0      0      0      0      0      0      0      0      0      0      0      0      2      0      0      0      0      0      0      0      0      0      0      0      0      0      0      0      0      0      0      0      0      0     
0x7f96775afb80           STS [R35], R88                                         3      0      3      8192   262144  262144  32     32     0      0      Shared        Store  32     1      0      8192   8192   0      0      2      0      0      0      0      0      0      0      0      0      1      0      0      0      0      0      0      0      0      0      0      0      0      0      0      0      0      0      0      0      0      0     
0x7f96775afb90           SHF.R.U32.HI R154, RZ, 0x2, R77                        0      0      0      8192   262144  262144  32     32     0      0      -             -      -      0      0      0      0      0      0      0      0      0      0      0      0      0      0      0      0      0      0      0      0      0      0      0      0      0      0      0      0      0      0      0      0      0      0      0      0      0      0     
0x7f96775afba0           VIADD R84, R15, 0x13a80                                0      0      0      8192   262144  262144  32     32     0      0      -             -      -      0      0      0      0      0      0      0      0      0      0      0      0      0      0      0      0      0      0      0      0      0      0      0      0      0      0      0      0      0      0      0      0      0      0      0      0      0      0     
0x7f96775afbb0           LOP3.LUT R29, R155, 0x60, R78, 0x78, !PT               0      0      0      8192   262144  262144  32     32     0      0      -             -      -      0      0      0      0      0      0      0      0      0      0      0      0      0      0      0      0      0      0      0      0      0      0      0      0      0      0      0      0      0      0      0      0      0      0      0      0      0      0     
0x7f96775afbc0           VIADD R78, R15, 0x13480                                0      0      0      8192   262144  262144  32     32     0      0      -             -      -      0      0      0      0      0      0      0      0      0      0      0      0      0      0      0      0      0      0      0      0      0      0      0      0      0      0      0      0      0      0      0      0      0      0      0      0      0      0     
0x7f96775afbd0           SHF.R.U32.HI R43, RZ, 0x2, R156                        0      0      0      8192   262144  262144  32     32     0      0      -             -      -      0      0      0      0      0      0      0      0      0      0      0      0      0      0      0      0      0      0      0      0      0      0      0      0      0      0      0      0      0      0      0      0      0      0      0      0      0      0     
0x7f96775afbe0           STS [R34], R89                                         0      0      0      8192   262144  262144  32     32     0      0      Shared        Store  32     1      0      8192   8192   0      0      0      0      0      0      0      0      0      0      0      0      0      0      0      0      0      0      0      0      0      0      0      0      0      0      0      0      0      0      0      0      0      0     
0x7f96775afbf0           LOP3.LUT R47, R77, 0x60, R154, 0x78, !PT               0      0      0      8192   262144  262144  32     32     0      0      -             -      -      0      0      0      0      0      0      0      0      0      0      0      0      0      0      0      0      0      0      0      0      0      0      0      0      0      0      0      0      0      0      0      0      0      0      0      0      0      0     
0x7f96775afc00           VIADD R154, R15, 0x13800                               0      0      0      8192   262144  262144  32     32     0      0      -             -      -      0      0      0      0      0      0      0      0      0      0      0      0      0      0      0      0      0      0      0      0      0      0      0      0      0      0      0      0      0      0      0      0      0      0      0      0      0      0     
0x7f96775afc10           LOP3.LUT R43, R156, 0x60, R43, 0x78, !PT               1      0      1      8192   262144  262144  32     32     0      0      -             -      -      0      0      0      0      0      0      0      0      0      0      0      0      0      0      0      0      1      0      0      0      0      0      0      0      0      0      0      0      0      0      0      0      0      0      0      0      0      0     
0x7f96775afc20           STS [R33], R90                                         0      0      0      8192   262144  262144  32     32     0      0      Shared        Store  32     1      0      8192   8192   0      0      0      0      0      0      0      0      0      0      0      0      0      0      0      0      0      0      0      0      0      0      0      0      0      0      0      0      0      0      0      0      0      0     
0x7f96775afc30           SHF.R.U32.HI R28, RZ, 0x2, R75                         0      0      0      8192   262144  262144  32     32     0      0      -             -      -      0      0      0      0      0      0      0      0      0      0      0      0      0      0      0      0      0      0      0      0      0      0      0      0      0      0      0      0      0      0      0      0      0      0      0      0      0      0     
0x7f96775afc40           VIADD R86, R15, 0x13b80                                2      0      2      8192   262144  262144  32     32     0      0      -             -      -      0      0      0      0      0      0      0      0      0      0      0      0      0      0      0      0      2      0      0      0      0      0      0      0      0      0      0      0      0      0      0      0      0      0      0      0      0      0     
0x7f96775afc50           SHF.R.U32.HI R77, RZ, 0x2, R30                         1      0      1      8192   262144  262144  32     32     0      0      -             -      -      0      0      0      0      0      0      1      0      0      0      0      0      0      0      0      0      0      0      0      0      0      0      0      0      0      0      0      0      0      0      0      0      0      0      0      0      0      0     
0x7f96775afc60           STS [R54], R91                                         0      0      0      8192   262144  262144  32     32     0      0      Shared        Store  32     1      0      8192   8192   0      0      0      0      0      0      0      0      0      0      0      0      0      0      0      0      0      0      0      0      0      0      0      0      0      0      0      0      0      0      0      0      0      0     
0x7f96775afc70           SHF.R.U32.HI R156, RZ, 0x2, R153                       1      0      1      8192   262144  262144  32     32     0      0      -             -      -      0      0      0      0      0      0      0      0      0      0      0      0      0      0      0      0      1      0      0      0      0      0      0      0      0      0      0      0      0      0      0      0      0      0      0      0      0      0     
0x7f96775afc80           VIADD R52, R15, 0x13c00                                0      0      0      8192   262144  262144  32     32     0      0      -             -      -      0      0      0      0      0      0      0      0      0      0      0      0      0      0      0      0      0      0      0      0      0      0      0      0      0      0      0      0      0      0      0      0      0      0      0      0      0      0     
0x7f96775afc90           SHF.R.U32.HI R79, RZ, 0x2, R78                         1      0      1      8192   262144  262144  32     32     0      0      -             -      -      0      0      0      0      0      0      0      0      0      0      0      0      0      0      0      0      1      0      0      0      0      0      0      0      0      0      0      0      0      0      0      0      0      0      0      0      0      0     
0x7f96775afca0           STS [R53], R92                                         1      0      1      8192   262144  262144  32     32     0      0      Shared        Store  32     1      0      8192   8192   0      0      0      0      0      0      0      0      0      0      0      0      1      0      0      0      0      0      0      0      0      0      0      0      0      0      0      0      0      0      0      0      0      0     
0x7f96775afcb0           LOP3.LUT R75, R75, 0x60, R28, 0x78, !PT                1      0      1      8192   262144  262144  32     32     0      0      -             -      -      0      0      0      0      0      0      0      0      0      0      0      0      0      0      0      0      1      0      0      0      0      0      0      0      0      0      0      0      0      0      0      0      0      0      0      0      0      0     
0x7f96775afcc0           VIADD R34, R15, 0x13e00                                1      0      1      8192   262144  262144  32     32     0      0      -             -      -      0      0      0      0      0      0      0      0      0      0      0      0      0      0      0      0      1      0      0      0      0      0      0      0      0      0      0      0      0      0      0      0      0      0      0      0      0      0     
0x7f96775afcd0           LOP3.LUT R30, R30, 0x60, R77, 0x78, !PT                1      0      1      8192   262144  262144  32     32     0      0      -             -      -      0      0      0      0      0      0      0      0      0      0      0      0      0      0      0      0      1      0      0      0      0      0      0      0      0      0      0      0      0      0      0      0      0      0      0      0      0      0     
0x7f96775afce0           STS [R36], R93                                         0      0      0      8192   262144  262144  32     32     0      0      Shared        Store  32     1      0      8192   8192   0      0      0      0      0      0      0      0      0      0      0      0      0      0      0      0      0      0      0      0      0      0      0      0      0      0      0      0      0      0      0      0      0      0     
0x7f96775afcf0           LOP3.LUT R28, R153, 0x60, R156, 0x78, !PT              0      0      0      8192   262144  262144  32     32     0      0      -             -      -      0      0      0      0      0      0      0      0      0      0      0      0      0      0      0      0      0      0      0      0      0      0      0      0      0      0      0      0      0      0      0      0      0      0      0      0      0      0     
0x7f96775afd00           VIADD R156, R15, 0x13880                               1      0      1      8192   262144  262144  32     32     0      0      -             -      -      0      0      0      0      0      0      0      0      0      0      0      0      0      0      0      0      1      0      0      0      0      0      0      0      0      0      0      0      0      0      0      0      0      0      0      0      0      0     
0x7f96775afd10           LOP3.LUT R77, R78, 0x60, R79, 0x78, !PT                2      0      2      8192   262144  262144  32     32     0      0      -             -      -      0      0      0      0      0      0      0      0      0      0      0      0      0      0      0      0      2      0      0      0      0      0      0      0      0      0      0      0      0      0      0      0      0      0      0      0      0      0     
0x7f96775afd20           VIADD R79, R15, 0x13580                                0      0      0      8192   262144  262144  32     32     0      0      -             -      -      0      0      0      0      0      0      0      0      0      0      0      0      0      0      0      0      0      0      0      0      0      0      0      0      0      0      0      0      0      0      0      0      0      0      0      0      0      0     
0x7f96775afd30           SHF.R.U32.HI R153, RZ, 0x2, R80                        0      0      0      8192   262144  262144  32     32     0      0      -             -      -      0      0      0      0      0      0      0      0      0      0      0      0      0      0      0      0      0      0      0      0      0      0      0      0      0      0      0      0      0      0      0      0      0      0      0      0      0      0     
0x7f96775afd40           STS [R37], R94                                         1      0      1      8192   262144  262144  32     32     0      0      Shared        Store  32     1      0      8192   8192   0      0      0      0      0      0      0      0      0      0      0      0      1      0      0      0      0      0      0      0      0      0      0      0      0      0      0      0      0      0      0      0      0      0     
0x7f96775afd50           SHF.R.U32.HI R81, RZ, 0x2, R50                         1      0      1      8192   262144  262144  32     32     0      0      -             -      -      0      0      0      0      0      0      1      0      0      0      0      0      0      0      0      0      0      0      0      0      0      0      0      0      0      0      0      0      0      0      0      0      0      0      0      0      0      0     
0x7f96775afd60           VIADD R88, R15, 0x13f00                                0      0      0      8192   262144  262144  32     32     0      0      -             -      -      0      0      0      0      0      0      0      0      0      0      0      0      0      0      0      0      0      0      0      0      0      0      0      0      0      0      0      0      0      0      0      0      0      0      0      0      0      0     
0x7f96775afd70           LOP3.LUT R78, R80, 0x60, R153, 0x78, !PT               0      0      0      8192   262144  262144  32     32     0      0      -             -      -      0      0      0      0      0      0      0      0      0      0      0      0      0      0      0      0      0      0      0      0      0      0      0      0      0      0      0      0      0      0      0      0      0      0      0      0      0      0     
0x7f96775afd80           VIADD R153, R15, 0x13680                               0      0      0      8192   262144  262144  32     32     0      0      -             -      -      0      0      0      0      0      0      0      0      0      0      0      0      0      0      0      0      0      0      0      0      0      0      0      0      0      0      0      0      0      0      0      0      0      0      0      0      0      0     
0x7f96775afd90           SHF.R.U32.HI R80, RZ, 0x2, R79                         0      0      0      8192   262144  262144  32     32     0      0      -             -      -      0      0      0      0      0      0      0      0      0      0      0      0      0      0      0      0      0      0      0      0      0      0      0      0      0      0      0      0      0      0      0      0      0      0      0      0      0      0     
0x7f96775afda0           STS [R56], R95                                         0      0      0      8192   262144  262144  32     32     0      0      Shared        Store  32     1      0      8192   8192   0      0      0      0      0      0      0      0      0      0      0      0      0      0      0      0      0      0      0      0      0      0      0      0      0      0      0      0      0      0      0      0      0      0     
0x7f96775afdb0           LOP3.LUT R50, R50, 0x60, R81, 0x78, !PT                1      0      1      8192   262144  262144  32     32     0      0      -             -      -      0      0      0      0      0      0      0      0      0      0      0      0      0      0      0      0      1      0      0      0      0      0      0      0      0      0      0      0      0      0      0      0      0      0      0      0      0      0     
0x7f96775afdc0           VIADD R90, R15, 0x14000                                2      0      2      8192   262144  262144  32     32     0      0      -             -      -      0      0      0      0      0      0      0      0      0      0      0      0      0      0      0      0      2      0      0      0      0      0      0      0      0      0      0      0      0      0      0      0      0      0      0      0      0      0     
0x7f96775afdd0           LOP3.LUT R79, R79, 0x60, R80, 0x78, !PT                0      0      0      8192   262144  262144  32     32     0      0      -             -      -      0      0      0      0      0      0      0      0      0      0      0      0      0      0      0      0      0      0      0      0      0      0      0      0      0      0      0      0      0      0      0      0      0      0      0      0      0      0     
0x7f96775afde0           STS [R55], R96                                         0      0      0      8192   262144  262144  32     32     0      0      Shared        Store  32     1      0      8192   8192   0      0      0      0      0      0      0      0      0      0      0      0      0      0      0      0      0      0      0      0      0      0      0      0      0      0      0      0      0      0      0      0      0      0     
0x7f96775afdf0           SHF.R.U32.HI R80, RZ, 0x2, R153                        1      0      1      8192   262144  262144  32     32     0      0      -             -      -      0      0      0      0      0      0      0      0      0      0      0      0      0      0      0      0      1      0      0      0      0      0      0      0      0      0      0      0      0      0      0      0      0      0      0      0      0      0     
0x7f96775afe00           SHF.R.U32.HI R155, RZ, 0x2, R154                       2      1      2      8192   262144  262144  32     32     0      0      -             -      -      0      0      0      0      0      0      0      0      0      0      0      0      0      0      0      0      1      0      0      0      1      0      0      0      0      0      0      0      0      0      0      0      0      0      0      0      0      1     
0x7f96775afe10           STS [R150], R97                                        0      0      0      8192   262144  262144  32     32     0      0      Shared        Store  32     1      0      8192   8192   0      0      0      0      0      0      0      0      0      0      0      0      0      0      0      0      0      0      0      0      0      0      0      0      0      0      0      0      0      0      0      0      0      0     
0x7f96775afe20           LOP3.LUT R81, R153, 0x60, R80, 0x78, !PT               0      0      0      8192   262144  262144  32     32     0      0      -             -      -      0      0      0      0      0      0      0      0      0      0      0      0      0      0      0      0      0      0      0      0      0      0      0      0      0      0      0      0      0      0      0      0      0      0      0      0      0      0     
0x7f96775afe30           VIADD R80, R15, 0x13700                                0      0      0      8192   262144  262144  32     32     0      0      -             -      -      0      0      0      0      0      0      0      0      0      0      0      0      0      0      0      0      0      0      0      0      0      0      0      0      0      0      0      0      0      0      0      0      0      0      0      0      0      0     
0x7f96775afe40           SHF.R.U32.HI R153, RZ, 0x2, R82                        2      0      2      8192   262144  262144  32     32     0      0      -             -      -      0      0      0      0      0      0      0      0      0      0      0      0      0      0      0      0      2      0      0      0      0      0      0      0      0      0      0      0      0      0      0      0      0      0      0      0      0      0     
0x7f96775afe50           STS [R39], R98                                         0      0      0      8192   262144  262144  32     32     0      0      Shared        Store  32     1      0      8192   8192   0      0      0      0      0      0      0      0      0      0      0      0      0      0      0      0      0      0      0      0      0      0      0      0      0      0      0      0      0      0      0      0      0      0     
0x7f96775afe60           SHF.R.U32.HI R85, RZ, 0x2, R32                         1      0      1      8192   262144  262144  32     32     0      0      -             -      -      0      0      0      0      0      0      0      0      0      0      0      0      0      0      0      0      1      0      0      0      0      0      0      0      0      0      0      0      0      0      0      0      0      0      0      0      0      0     
0x7f96775afe70           SHF.R.U32.HI R31, RZ, 0x2, R80                         0      0      0      8192   262144  262144  32     32     0      0      -             -      -      0      0      0      0      0      0      0      0      0      0      0      0      0      0      0      0      0      0      0      0      0      0      0      0      0      0      0      0      0      0      0      0      0      0      0      0      0      0     
0x7f96775afe80           STS [R20], R99                                         2      0      2      8192   262144  262144  32     32     0      0      Shared        Store  32     1      0      8192   8192   0      0      0      0      0      0      0      0      0      0      0      0      2      0      0      0      0      0      0      0      0      0      0      0      0      0      0      0      0      0      0      0      0      0     
0x7f96775afe90           LOP3.LUT R51, R154, 0x60, R155, 0x78, !PT              0      0      0      8192   262144  262144  32     32     0      0      -             -      -      0      0      0      0      0      0      0      0      0      0      0      0      0      0      0      0      0      0      0      0      0      0      0      0      0      0      0      0      0      0      0      0      0      0      0      0      0      0     
0x7f96775afea0           VIADD R154, R15, 0x13d80                               1      0      1      8192   262144  262144  32     32     0      0      -             -      -      0      0      0      0      0      0      0      0      0      0      0      0      0      0      0      0      1      0      0      0      0      0      0      0      0      0      0      0      0      0      0      0      0      0      0      0      0      0     
0x7f96775afeb0           LOP3.LUT R80, R80, 0x60, R31, 0x78, !PT                0      0      0      8192   262144  262144  32     32     0      0      -             -      -      0      0      0      0      0      0      0      0      0      0      0      0      0      0      0      0      0      0      0      0      0      0      0      0      0      0      0      0      0      0      0      0      0      0      0      0      0      0     
0x7f96775afec0           STS [R19], R100                                        2      0      2      8192   262144  262144  32     32     0      0      Shared        Store  32     1      0      8192   8192   0      0      0      0      0      0      0      0      0      0      0      0      2      0      0      0      0      0      0      0      0      0      0      0      0      0      0      0      0      0      0      0      0      0     
0x7f96775afed0           LOP3.LUT R31, R82, 0x60, R153, 0x78, !PT               0      0      0      8192   262144  262144  32     32     0      0      -             -      -      0      0      0      0      0      0      0      0      0      0      0      0      0      0      0      0      0      0      0      0      0      0      0      0      0      0      0      0      0      0      0      0      0      0      0      0      0      0     
0x7f96775afee0           VIADD R82, R15, 0x13a00                                0      0      0      8192   262144  262144  32     32     0      0      -             -      -      0      0      0      0      0      0      0      0      0      0      0      0      0      0      0      0      0      0      0      0      0      0      0      0      0      0      0      0      0      0      0      0      0      0      0      0      0      0     
0x7f96775afef0           SHF.R.U32.HI R153, RZ, 0x2, R48                        0      0      0      8192   262144  262144  32     32     0      0      -             -      -      0      0      0      0      0      0      0      0      0      0      0      0      0      0      0      0      0      0      0      0      0      0      0      0      0      0      0      0      0      0      0      0      0      0      0      0      0      0     
0x7f96775aff00           STS [R60], R101                                        0      0      0      8192   262144  262144  32     32     0      0      Shared        Store  32     1      0      8192   8192   0      0      0      0      0      0      0      0      0      0      0      0      0      0      0      0      0      0      0      0      0      0      0      0      0      0      0      0      0      0      0      0      0      0     
0x7f96775aff10           LOP3.LUT R32, R32, 0x60, R85, 0x78, !PT                2      0      2      8192   262144  262144  32     32     0      0      -             -      -      0      0      0      0      0      0      0      0      0      0      0      0      0      0      0      0      2      0      0      0      0      0      0      0      0      0      0      0      0      0      0      0      0      0      0      0      0      0     
0x7f96775aff20           SHF.R.U32.HI R155, RZ, 0x2, R82                        2      1      2      8192   262144  262144  32     32     0      0      -             -      -      0      0      0      0      0      0      0      0      0      0      0      0      0      0      0      0      1      0      0      0      1      0      0      0      0      0      0      0      0      0      0      0      0      0      0      0      0      1     
0x7f96775aff30           STS [R57], R102                                        0      0      0      8192   262144  262144  32     32     0      0      Shared        Store  32     1      0      8192   8192   0      0      0      0      0      0      0      0      0      0      0      0      0      0      0      0      0      0      0      0      0      0      0      0      0      0      0      0      0      0      0      0      0      0     
0x7f96775aff40           LOP3.LUT R85, R48, 0x60, R153, 0x78, !PT               0      0      0      8192   262144  262144  32     32     0      0      -             -      -      0      0      0      0      0      0      0      0      0      0      0      0      0      0      0      0      0      0      0      0      0      0      0      0      0      0      0      0      0      0      0      0      0      0      0      0      0      0     
0x7f96775aff50           LOP3.LUT R48, R82, 0x60, R155, 0x78, !PT               2      0      2      8192   262144  262144  32     32     0      0      -             -      -      0      0      0      0      0      0      0      0      0      0      0      0      0      0      0      0      2      0      0      0      0      0      0      0      0      0      0      0      0      0      0      0      0      0      0      0      0      0     
0x7f96775aff60           STS [R58], R103                                        1      0      1      8192   262144  262144  32     32     0      0      Shared        Store  32     1      0      8192   8192   0      0      0      0      0      0      0      0      0      0      0      0      1      0      0      0      0      0      0      0      0      0      0      0      0      0      0      0      0      0      0      0      0      0     
0x7f96775aff70           SHF.R.U32.HI R153, RZ, 0x2, R84                        0      0      0      8192   262144  262144  32     32     0      0      -             -      -      0      0      0      0      0      0      0      0      0      0      0      0      0      0      0      0      0      0      0      0      0      0      0      0      0      0      0      0      0      0      0      0      0      0      0      0      0      0     
0x7f96775aff80           VIADD R82, R15, 0x13b00                                1      0      1      8192   262144  262144  32     32     0      0      -             -      -      0      0      0      0      0      0      0      0      0      0      0      0      0      0      0      0      1      0      0      0      0      0      0      0      0      0      0      0      0      0      0      0      0      0      0      0      0      0     
0x7f96775aff90           SHF.R.U32.HI R155, RZ, 0x2, R86                        0      0      0      8192   262144  262144  32     32     0      0      -             -      -      0      0      0      0      0      0      0      0      0      0      0      0      0      0      0      0      0      0      0      0      0      0      0      0      0      0      0      0      0      0      0      0      0      0      0      0      0      0     
0x7f96775affa0           STS [R61], R104                                        1      0      1      8192   262144  262144  32     32     0      0      Shared        Store  32     1      0      8192   8192   0      0      0      0      0      0      0      0      0      0      0      0      1      0      0      0      0      0      0      0      0      0      0      0      0      0      0      0      0      0      0      0      0      0     
0x7f96775affb0           LOP3.LUT R49, R84, 0x60, R153, 0x78, !PT               1      0      1      8192   262144  262144  32     32     0      0      -             -      -      0      0      0      0      0      0      0      0      0      0      0      0      0      0      0      0      1      0      0      0      0      0      0      0      0      0      0      0      0      0      0      0      0      0      0      0      0      0     
0x7f96775affc0           VIADD R84, R15, 0x13c80                                0      0      0      8192   262144  262144  32     32     0      0      -             -      -      0      0      0      0      0      0      0      0      0      0      0      0      0      0      0      0      0      0      0      0      0      0      0      0      0      0      0      0      0      0      0      0      0      0      0      0      0      0     
0x7f96775affd0           SHF.R.U32.HI R153, RZ, 0x2, R82                        0      0      0      8192   262144  262144  32     32     0      0      -             -      -      0      0      0      0      0      0      0      0      0      0      0      0      0      0      0      0      0      0      0      0      0      0      0      0      0      0      0      0      0      0      0      0      0      0      0      0      0      0     
0x7f96775affe0           STS [R40], R105                                        1      0      1      8192   262144  262144  32     32     0      0      Shared        Store  32     1      0      8192   8192   0      0      0      0      0      0      0      0      0      0      0      0      1      0      0      0      0      0      0      0      0      0      0      0      0      0      0      0      0      0      0      0      0      0     
0x7f96775afff0           SHF.R.U32.HI R83, RZ, 0x2, R156                        0      0      0      8192   262144  262144  32     32     0      0      -             -      -      0      0      0      0      0      0      0      0      0      0      0      0      0      0      0      0      0      0      0      0      0      0      0      0      0      0      0      0      0      0      0      0      0      0      0      0      0      0     
0x7f96775b0000           LOP3.LUT R82, R82, 0x60, R153, 0x78, !PT               0      0      0      8192   262144  262144  32     32     0      0      -             -      -      0      0      0      0      0      0      0      0      0      0      0      0      0      0      0      0      0      0      0      0      0      0      0      0      0      0      0      0      0      0      0      0      0      0      0      0      0      0     
0x7f96775b0010           STS [R59], R106                                        0      0      0      8192   262144  262144  32     32     0      0      Shared        Store  32     1      0      8192   8192   0      0      0      0      0      0      0      0      0      0      0      0      0      0      0      0      0      0      0      0      0      0      0      0      0      0      0      0      0      0      0      0      0      0     
0x7f96775b0020           LOP3.LUT R153, R86, 0x60, R155, 0x78, !PT              0      0      0      8192   262144  262144  32     32     0      0      -             -      -      0      0      0      0      0      0      0      0      0      0      0      0      0      0      0      0      0      0      0      0      0      0      0      0      0      0      0      0      0      0      0      0      0      0      0      0      0      0     
0x7f96775b0030           VIADD R86, R15, 0x13d00                                0      0      0      8192   262144  262144  32     32     0      0      -             -      -      0      0      0      0      0      0      0      0      0      0      0      0      0      0      0      0      0      0      0      0      0      0      0      0      0      0      0      0      0      0      0      0      0      0      0      0      0      0     
0x7f96775b0040           SHF.R.U32.HI R155, RZ, 0x2, R84                        0      0      0      8192   262144  262144  32     32     0      0      -             -      -      0      0      0      0      0      0      0      0      0      0      0      0      0      0      0      0      0      0      0      0      0      0      0      0      0      0      0      0      0      0      0      0      0      0      0      0      0      0     
0x7f96775b0050           STS [R62], R107                                        1      0      1      8192   262144  262144  32     32     0      0      Shared        Store  32     1      0      8192   8192   0      0      1      0      0      0      0      0      0      0      0      0      0      0      0      0      0      0      0      0      0      0      0      0      0      0      0      0      0      0      0      0      0      0     
0x7f96775b0060           LOP3.LUT R83, R156, 0x60, R83, 0x78, !PT               2      0      2      8192   262144  262144  32     32     0      0      -             -      -      0      0      0      0      0      0      0      0      0      0      0      0      0      0      0      0      2      0      0      0      0      0      0      0      0      0      0      0      0      0      0      0      0      0      0      0      0      0     
0x7f96775b0070           LOP3.LUT R35, R84, 0x60, R155, 0x78, !PT               0      0      0      8192   262144  262144  32     32     0      0      -             -      -      0      0      0      0      0      0      0      0      0      0      0      0      0      0      0      0      0      0      0      0      0      0      0      0      0      0      0      0      0      0      0      0      0      0      0      0      0      0     
0x7f96775b0080           STS [R63], R108                                        2      0      2      8192   262144  262144  32     32     0      0      Shared        Store  32     1      0      8192   8192   0      0      0      0      0      0      0      0      0      0      0      0      2      0      0      0      0      0      0      0      0      0      0      0      0      0      0      0      0      0      0      0      0      0     
0x7f96775b0090           VIADD R84, R15, 0x13e80                                0      0      0      8192   262144  262144  32     32     0      0      -             -      -      0      0      0      0      0      0      0      0      0      0      0      0      0      0      0      0      0      0      0      0      0      0      0      0      0      0      0      0      0      0      0      0      0      0      0      0      0      0     
0x7f96775b00a0           SHF.R.U32.HI R87, RZ, 0x2, R52                         1      0      1      8192   262144  262144  32     32     0      0      -             -      -      0      0      0      0      0      0      0      0      0      0      0      0      0      0      0      0      1      0      0      0      0      0      0      0      0      0      0      0      0      0      0      0      0      0      0      0      0      0     
0x7f96775b00b0           STS [R38], R109                                        0      0      0      8192   262144  262144  32     32     0      0      Shared        Store  32     1      0      8192   8192   0      0      0      0      0      0      0      0      0      0      0      0      0      0      0      0      0      0      0      0      0      0      0      0      0      0      0      0      0      0      0      0      0      0     
0x7f96775b00c0           SHF.R.U32.HI R33, RZ, 0x2, R34                         1      0      1      8192   262144  262144  32     32     0      0      -             -      -      0      0      0      0      0      0      0      0      0      0      0      0      0      0      0      0      1      0      0      0      0      0      0      0      0      0      0      0      0      0      0      0      0      0      0      0      0      0     
0x7f96775b00d0           SHF.R.U32.HI R89, RZ, 0x2, R84                         1      0      1      8192   262144  262144  32     32     0      0      -             -      -      0      0      0      0      0      0      0      0      0      0      0      0      0      0      0      0      1      0      0      0      0      0      0      0      0      0      0      0      0      0      0      0      0      0      0      0      0      0     
0x7f96775b00e0           STS [R21], R110                                        0      0      0      8192   262144  262144  32     32     0      0      Shared        Store  32     1      0      8192   8192   0      0      0      0      0      0      0      0      0      0      0      0      0      0      0      0      0      0      0      0      0      0      0      0      0      0      0      0      0      0      0      0      0      0     
0x7f96775b00f0           SHF.R.U32.HI R157, RZ, 0x2, R86                        0      0      0      8192   262144  262144  32     32     0      0      -             -      -      0      0      0      0      0      0      0      0      0      0      0      0      0      0      0      0      0      0      0      0      0      0      0      0      0      0      0      0      0      0      0      0      0      0      0      0      0      0     
0x7f96775b0100           LOP3.LUT R89, R84, 0x60, R89, 0x78, !PT                1      0      1      8192   262144  262144  32     32     0      0      -             -      -      0      0      0      0      0      0      0      0      0      0      0      0      0      0      0      0      1      0      0      0      0      0      0      0      0      0      0      0      0      0      0      0      0      0      0      0      0      0     
0x7f96775b0110           STS [R64], R111                                        0      0      0      8192   262144  262144  32     32     0      0      Shared        Store  32     1      0      8192   8192   0      0      0      0      0      0      0      0      0      0      0      0      0      0      0      0      0      0      0      0      0      0      0      0      0      0      0      0      0      0      0      0      0      0     
0x7f96775b0120           LOP3.LUT R52, R52, 0x60, R87, 0x78, !PT                1      0      1      8192   262144  262144  32     32     0      0      -             -      -      0      0      0      0      0      0      0      0      0      0      0      0      0      0      0      0      1      0      0      0      0      0      0      0      0      0      0      0      0      0      0      0      0      0      0      0      0      0     
0x7f96775b0130           VIADD R84, R15, 0x13f80                                1      0      1      8192   262144  262144  32     32     0      0      -             -      -      0      0      0      0      0      0      0      0      0      0      0      0      0      0      0      0      1      0      0      0      0      0      0      0      0      0      0      0      0      0      0      0      0      0      0      0      0      0     
0x7f96775b0140           SHF.R.U32.HI R87, RZ, 0x2, R154                        0      0      0      8192   262144  262144  32     32     0      0      -             -      -      0      0      0      0      0      0      0      0      0      0      0      0      0      0      0      0      0      0      0      0      0      0      0      0      0      0      0      0      0      0      0      0      0      0      0      0      0      0     
0x7f96775b0150           STS [R65], R112                                        2      0      2      8192   262144  262144  32     32     0      0      Shared        Store  32     1      0      8192   8192   0      0      2      0      0      0      0      0      0      0      0      0      0      0      0      0      0      0      0      0      0      0      0      0      0      0      0      0      0      0      0      0      0      0     
0x7f96775b0160           LOP3.LUT R34, R34, 0x60, R33, 0x78, !PT                1      0      1      8192   262144  262144  32     32     0      0      -             -      -      0      0      0      0      0      0      0      0      0      0      0      0      0      0      0      0      1      0      0      0      0      0      0      0      0      0      0      0      0      0      0      0      0      0      0      0      0      0     
0x7f96775b0170           LOP3.LUT R86, R86, 0x60, R157, 0x78, !PT               0      0      0      8192   262144  262144  32     32     0      0      -             -      -      0      0      0      0      0      0      0      0      0      0      0      0      0      0      0      0      0      0      0      0      0      0      0      0      0      0      0      0      0      0      0      0      0      0      0      0      0      0     
0x7f96775b0180           STS [R22], R113                                        1      0      1      8192   262144  262144  32     32     0      0      Shared        Store  32     1      0      8192   8192   0      0      0      0      0      0      0      0      0      0      0      0      1      0      0      0      0      0      0      0      0      0      0      0      0      0      0      0      0      0      0      0      0      0     
0x7f96775b0190           SHF.R.U32.HI R33, RZ, 0x2, R88                         2      0      2      8192   262144  262144  32     32     0      0      -             -      -      0      0      0      0      0      0      0      0      0      0      0      0      0      0      0      0      2      0      0      0      0      0      0      0      0      0      0      0      0      0      0      0      0      0      0      0      0      0     
0x7f96775b01a0           LOP3.LUT R87, R154, 0x60, R87, 0x78, !PT               1      0      1      8192   262144  262144  32     32     0      0      -             -      -      0      0      0      0      0      0      0      0      0      0      0      0      0      0      0      0      1      0      0      0      0      0      0      0      0      0      0      0      0      0      0      0      0      0      0      0      0      0     
0x7f96775b01b0           STS [R151], R114                                       0      0      0      8192   262144  262144  32     32     0      0      Shared        Store  32     1      0      8192   8192   0      0      0      0      0      0      0      0      0      0      0      0      0      0      0      0      0      0      0      0      0      0      0      0      0      0      0      0      0      0      0      0      0      0     
0x7f96775b01c0           SHF.R.U32.HI R15, RZ, 0x2, R84                         0      0      0      8192   262144  262144  32     32     0      0      -             -      -      0      0      0      0      0      0      0      0      0      0      0      0      0      0      0      0      0      0      0      0      0      0      0      0      0      0      0      0      0      0      0      0      0      0      0      0      0      0     
0x7f96775b01d0           SHF.R.U32.HI R91, RZ, 0x2, R90                         1      1      1      8192   262144  262144  32     32     0      0      -             -      -      0      0      0      0      0      0      0      0      0      0      0      0      0      0      0      0      0      0      0      0      1      0      0      0      0      0      0      0      0      0      0      0      0      0      0      0      0      1     
0x7f96775b01e0           STS [R66], R115                                        0      0      0      8192   262144  262144  32     32     0      0      Shared        Store  32     1      0      8192   8192   0      0      0      0      0      0      0      0      0      0      0      0      0      0      0      0      0      0      0      0      0      0      0      0      0      0      0      0      0      0      0      0      0      0     
0x7f96775b01f0           LOP3.LUT R33, R88, 0x60, R33, 0x78, !PT                0      0      0      8192   262144  262144  32     32     0      0      -             -      -      0      0      0      0      0      0      0      0      0      0      0      0      0      0      0      0      0      0      0      0      0      0      0      0      0      0      0      0      0      0      0      0      0      0      0      0      0      0     
0x7f96775b0200           LOP3.LUT R84, R84, 0x60, R15, 0x78, !PT                3      3      3      8192   262144  262144  32     32     0      0      -             -      -      0      0      0      0      0      0      0      0      0      0      0      0      0      0      0      0      0      0      0      0      3      0      0      0      0      0      0      0      0      0      0      0      0      0      0      0      0      3     
0x7f96775b0210           STS [R41], R116                                        0      0      0      8192   262144  262144  32     32     0      0      Shared        Store  32     1      0      8192   8192   0      0      0      0      0      0      0      0      0      0      0      0      0      0      0      0      0      0      0      0      0      0      0      0      0      0      0      0      0      0      0      0      0      0     
0x7f96775b0220           LOP3.LUT R91, R90, 0x60, R91, 0x78, !PT                0      0      0      8192   262144  262144  32     32     0      0      -             -      -      0      0      0      0      0      0      0      0      0      0      0      0      0      0      0      0      0      0      0      0      0      0      0      0      0      0      0      0      0      0      0      0      0      0      0      0      0      0     
0x7f96775b0230           STS [R42], R117                                        6      3      6      8192   262144  262144  32     32     0      0      Shared        Store  32     1      0      8192   8192   0      0      0      0      0      0      0      0      0      0      0      0      3      0      0      0      3      0      0      0      0      0      0      0      0      0      0      0      0      0      0      0      0      3     
0x7f96775b0240           STS [R25], R118                                        3      2      3      8192   262144  262144  32     32     0      0      Shared        Store  32     1      0      8192   8192   0      0      0      0      0      0      0      0      0      0      0      0      1      0      0      0      2      0      0      0      0      0      0      0      0      0      0      0      0      0      0      0      0      2     
0x7f96775b0250           STS [R24], R119                                        1      0      1      8192   262144  262144  32     32     0      0      Shared        Store  32     1      0      8192   8192   0      0      0      0      0      0      0      0      0      0      0      0      1      0      0      0      0      0      0      0      0      0      0      0      0      0      0      0      0      0      0      0      0      0     
0x7f96775b0260           STS [R23], R120                                        2      2      2      8192   262144  262144  32     32     0      0      Shared        Store  32     1      0      8192   8192   0      0      0      0      0      0      0      0      0      0      0      0      0      0      0      0      2      0      0      0      0      0      0      0      0      0      0      0      0      0      0      0      0      2     
0x7f96775b0270           STS [R70], R121                                        1      1      1      8192   262144  262144  32     32     0      0      Shared        Store  32     1      0      8192   8192   0      0      0      0      0      0      0      0      0      0      0      0      0      0      0      0      1      0      0      0      0      0      0      0      0      0      0      0      0      0      0      0      0      1     
0x7f96775b0280           STS [R67], R122                                        3      3      3      8192   262144  262144  32     32     0      0      Shared        Store  32     1      0      8192   8192   0      0      0      0      0      0      0      0      0      0      0      0      0      0      0      0      3      0      0      0      0      0      0      0      0      0      0      0      0      0      0      0      0      3     
0x7f96775b0290           STS [R68], R123                                        4      2      4      8192   262144  262144  32     32     0      0      Shared        Store  32     1      0      8192   8192   0      0      0      0      0      0      0      0      0      0      0      0      2      0      0      0      2      0      0      0      0      0      0      0      0      0      0      0      0      0      0      0      0      2     
0x7f96775b02a0           STS [R71], R124                                        1      1      1      8192   262144  262144  32     32     0      0      Shared        Store  32     1      0      8192   8192   0      0      0      0      0      0      0      0      0      0      0      0      0      0      0      0      1      0      0      0      0      0      0      0      0      0      0      0      0      0      0      0      0      1     
0x7f96775b02b0           STS [R44], R125                                        1      1      1      8192   262144  262144  32     32     0      0      Shared        Store  32     1      0      8192   8192   0      0      0      0      0      0      0      0      0      0      0      0      0      0      0      0      1      0      0      0      0      0      0      0      0      0      0      0      0      0      0      0      0      1     
0x7f96775b02c0           STS [R69], R126                                        1      1      1      8192   262144  262144  32     32     0      0      Shared        Store  32     1      0      8192   8192   0      0      0      0      0      0      0      0      0      0      0      0      0      0      0      0      1      0      0      0      0      0      0      0      0      0      0      0      0      0      0      0      0      1     
0x7f96775b02d0           STS [R72], R127                                        4      3      4      8192   262144  262144  32     32     0      0      Shared        Store  32     1      0      8192   8192   0      0      0      0      0      0      0      0      0      0      0      0      1      0      0      0      3      0      0      0      0      0      0      0      0      0      0      0      0      0      0      0      0      3     
0x7f96775b02e0           STS [R45], R128                                        2      2      2      8192   262144  262144  32     32     0      0      Shared        Store  32     1      0      8192   8192   0      0      0      0      0      0      0      0      0      0      0      0      0      0      0      0      2      0      0      0      0      0      0      0      0      0      0      0      0      0      0      0      0      2     
0x7f96775b02f0           STS [R26], R129                                        2      2      2      8192   262144  262144  32     32     0      0      Shared        Store  32     1      0      8192   8192   0      0      0      0      0      0      0      0      0      0      0      0      0      0      0      0      2      0      0      0      0      0      0      0      0      0      0      0      0      0      0      0      0      2     
0x7f96775b0300           STS [R43], R130                                        1      1      1      8192   262144  262144  32     32     0      0      Shared        Store  32     1      0      8192   8192   0      0      0      0      0      0      0      0      0      0      0      0      0      0      0      0      1      0      0      0      0      0      0      0      0      0      0      0      0      0      0      0      0      1     
0x7f96775b0310           STS [R74], R131                                        2      2      2      8192   262144  262144  32     32     0      0      Shared        Store  32     1      0      8192   8192   0      0      0      0      0      0      0      0      0      0      0      0      0      0      0      0      2      0      0      0      0      0      0      0      0      0      0      0      0      0      0      0      0      2     
0x7f96775b0320           STS [R46], R143                                        1      1      1      8192   262144  262144  32     32     0      0      Shared        Store  32     1      0      8192   8192   0      0      0      0      0      0      0      0      0      0      0      0      0      0      0      0      1      0      0      0      0      0      0      0      0      0      0      0      0      0      0      0      0      1     
0x7f96775b0330           STS [R73], R144                                        2      2      2      8192   262144  262144  32     32     0      0      Shared        Store  32     1      0      8192   8192   0      0      0      0      0      0      0      0      0      0      0      0      0      0      0      0      2      0      0      0      0      0      0      0      0      0      0      0      0      0      0      0      0      2     
0x7f96775b0340           STS [R152], R145                                       0      0      0      8192   262144  262144  32     32     0      0      Shared        Store  32     1      0      8192   8192   0      0      0      0      0      0      0      0      0      0      0      0      0      0      0      0      0      0      0      0      0      0      0      0      0      0      0      0      0      0      0      0      0      0     
0x7f96775b0350           STS [R27], R146                                        2      2      2      8192   262144  262144  32     32     0      0      Shared        Store  32     1      0      8192   8192   0      0      0      0      0      0      0      0      0      0      0      0      0      0      0      0      2      0      0      0      0      0      0      0      0      0      0      0      0      0      0      0      0      2     
0x7f96775b0360           STS [R76], R147                                        2      2      2      8192   262144  262144  32     32     0      0      Shared        Store  32     1      0      8192   8192   0      0      0      0      0      0      0      0      0      0      0      0      0      0      0      0      2      0      0      0      0      0      0      0      0      0      0      0      0      0      0      0      0      2     
0x7f96775b0370           STS [R75], R148                                        2      2      2      8192   262144  262144  32     32     0      0      Shared        Store  32     1      0      8192   8192   0      0      0      0      0      0      0      0      0      0      0      0      0      0      0      0      2      0      0      0      0      0      0      0      0      0      0      0      0      0      0      0      0      2     
0x7f96775b0380           STS [R47], R142                                        2      1      2      8192   262144  262144  32     32     0      0      Shared        Store  32     1      0      8192   8192   0      0      0      0      0      0      0      0      0      0      0      0      1      0      0      0      1      0      0      0      0      0      0      0      0      0      0      0      0      0      0      0      0      1     
0x7f96775b0390           STS [R28], R141                                        1      1      1      8192   262144  262144  32     32     0      0      Shared        Store  32     1      0      8192   8192   0      0      0      0      0      0      0      0      0      0      0      0      0      0      0      0      1      0      0      0      0      0      0      0      0      0      0      0      0      0      0      0      0      1     
0x7f96775b03a0           STS [R29], R140                                        3      2      3      8192   262144  262144  32     32     0      0      Shared        Store  32     1      0      8192   8192   0      0      0      0      0      0      0      0      0      0      0      0      1      0      0      0      2      0      0      0      0      0      0      0      0      0      0      0      0      0      0      0      0      2     
0x7f96775b03b0           STS [R30], R139                                        3      2      3      8192   262144  262144  32     32     0      0      Shared        Store  32     1      0      8192   8192   0      0      0      0      0      0      0      0      0      0      0      0      1      0      0      0      2      0      0      0      0      0      0      0      0      0      0      0      0      0      0      0      0      2     
0x7f96775b03c0           STS [R77], R138                                        2      1      2      8192   262144  262144  32     32     0      0      Shared        Store  32     1      0      8192   8192   0      0      0      0      0      0      0      0      0      0      0      0      1      0      0      0      1      0      0      0      0      0      0      0      0      0      0      0      0      0      0      0      0      1     
0x7f96775b03d0           STS [R78], R137                                        3      2      3      8192   262144  262144  32     32     0      0      Shared        Store  32     1      0      8192   8192   0      0      0      0      0      0      0      0      0      0      0      0      1      0      0      0      2      0      0      0      0      0      0      0      0      0      0      0      0      0      0      0      0      2     
0x7f96775b03e0           STS [R79], R136                                        6      2      6      8192   262144  262144  32     32     0      0      Shared        Store  32     1      0      8192   8192   0      0      0      0      0      0      0      0      0      0      0      0      4      0      0      0      2      0      0      0      0      0      0      0      0      0      0      0      0      0      0      0      0      2     
0x7f96775b03f0           STS [R50], R135                                        2      2      2      8192   262144  262144  32     32     0      0      Shared        Store  32     1      0      8192   8192   0      0      0      0      0      0      0      0      0      0      0      0      0      0      0      0      2      0      0      0      0      0      0      0      0      0      0      0      0      0      0      0      0      2     
0x7f96775b0400           STS [R81], R134                                        2      1      2      8192   262144  262144  32     32     0      0      Shared        Store  32     1      0      8192   8192   0      0      0      0      0      0      0      0      0      0      0      0      1      0      0      0      1      0      0      0      0      0      0      0      0      0      0      0      0      0      0      0      0      1     
0x7f96775b0410           STS [R80], R133                                        1      1      1      8192   262144  262144  32     32     0      0      Shared        Store  32     1      0      8192   8192   0      0      0      0      0      0      0      0      0      0      0      0      0      0      0      0      1      0      0      0      0      0      0      0      0      0      0      0      0      0      0      0      0      1     
0x7f96775b0420           STS [R31], R132                                        2      1      2      8192   262144  262144  32     32     0      0      Shared        Store  32     1      0      8192   8192   0      0      0      0      0      0      0      0      0      0      0      0      1      0      0      0      1      0      0      0      0      0      0      0      0      0      0      0      0      0      0      0      0      1     
0x7f96775b0430           STS [R51], R0                                          3      2      3      8192   262144  262144  32     32     0      0      Shared        Store  32     1      0      8192   8192   0      0      0      0      0      0      0      0      0      0      0      0      1      0      0      0      2      0      0      0      0      0      0      0      0      0      0      0      0      0      0      0      0      2     
0x7f96775b0440           STS [R83], R2                                          0      0      0      8192   262144  262144  32     32     0      0      Shared        Store  32     1      0      8192   8192   0      0      0      0      0      0      0      0      0      0      0      0      0      0      0      0      0      0      0      0      0      0      0      0      0      0      0      0      0      0      0      0      0      0     
0x7f96775b0450           STS [R32], R3                                          3      2      3      8192   262144  262144  32     32     0      0      Shared        Store  32     1      0      8192   8192   0      0      0      0      0      0      0      0      0      0      0      0      1      0      0      0      2      0      0      0      0      0      0      0      0      0      0      0      0      0      0      0      0      2     
0x7f96775b0460           STS [R85], R4                                          1      1      1      8192   262144  262144  32     32     0      0      Shared        Store  32     1      0      8192   8192   0      0      0      0      0      0      0      0      0      0      0      0      0      0      0      0      1      0      0      0      0      0      0      0      0      0      0      0      0      0      0      0      0      1     
0x7f96775b0470           STS [R48], R5                                          2      2      2      8192   262144  262144  32     32     0      0      Shared        Store  32     1      0      8192   8192   0      0      0      0      0      0      0      0      0      0      0      0      0      0      0      0      2      0      0      0      0      0      0      0      0      0      0      0      0      0      0      0      0      2     
0x7f96775b0480           STS [R49], R6                                          0      0      0      8192   262144  262144  32     32     0      0      Shared        Store  32     1      0      8192   8192   0      0      0      0      0      0      0      0      0      0      0      0      0      0      0      0      0      0      0      0      0      0      0      0      0      0      0      0      0      0      0      0      0      0     
0x7f96775b0490           STS [R82], R7                                          2      2      2      8192   262144  262144  32     32     0      0      Shared        Store  32     1      0      8192   8192   0      0      0      0      0      0      0      0      0      0      0      0      0      0      0      0      2      0      0      0      0      0      0      0      0      0      0      0      0      0      0      0      0      2     
0x7f96775b04a0           STS [R153], R8                                         2      1      2      8192   262144  262144  32     32     0      0      Shared        Store  32     1      0      8192   8192   0      0      0      0      0      0      0      0      0      0      0      0      1      0      0      0      1      0      0      0      0      0      0      0      0      0      0      0      0      0      0      0      0      1     
0x7f96775b04b0           STS [R52], R9                                          1      1      1      8192   262144  262144  32     32     0      0      Shared        Store  32     1      0      8192   8192   0      0      0      0      0      0      0      0      0      0      0      0      0      0      0      0      1      0      0      0      0      0      0      0      0      0      0      0      0      0      0      0      0      1     
0x7f96775b04c0           STS [R35], R10                                         1      1      1      8192   262144  262144  32     32     0      0      Shared        Store  32     1      0      8192   8192   0      0      0      0      0      0      0      0      0      0      0      0      0      0      0      0      1      0      0      0      0      0      0      0      0      0      0      0      0      0      0      0      0      1     
0x7f96775b04d0           STS [R86], R11                                         2      2      2      8192   262144  262144  32     32     0      0      Shared        Store  32     1      0      8192   8192   0      0      0      0      0      0      0      0      0      0      0      0      0      0      0      0      2      0      0      0      0      0      0      0      0      0      0      0      0      0      0      0      0      2     
0x7f96775b04e0           STS [R87], R12                                         1      1      1      8192   262144  262144  32     32     0      0      Shared        Store  32     1      0      8192   8192   0      0      0      0      0      0      0      0      0      0      0      0      0      0      0      0      1      0      0      0      0      0      0      0      0      0      0      0      0      0      0      0      0      1     
0x7f96775b04f0           STS [R34], R13                                         4      2      4      8192   262144  262144  32     32     0      0      Shared        Store  32     1      0      8192   8192   0      0      0      0      0      0      0      0      0      0      0      0      2      0      0      0      2      0      0      0      0      0      0      0      0      0      0      0      0      0      0      0      0      2     
0x7f96775b0500           STS [R89], R14                                         1      1      1      8192   262144  262144  32     32     0      0      Shared        Store  32     1      0      8192   8192   0      0      0      0      0      0      0      0      0      0      0      0      0      0      0      0      1      0      0      0      0      0      0      0      0      0      0      0      0      0      0      0      0      1     
0x7f96775b0510           STS [R33], R16                                         2      1      2      8192   262144  262144  32     32     0      0      Shared        Store  32     1      0      8192   8192   0      0      0      0      0      0      0      0      0      0      0      0      1      0      0      0      1      0      0      0      0      0      0      0      0      0      0      0      0      0      0      0      0      1     
0x7f96775b0520           STS [R84], R17                                         4      3      4      8192   262144  262144  32     32     0      0      Shared        Store  32     1      0      8192   8192   0      0      0      0      0      0      0      0      0      0      0      0      1      0      0      0      3      0      0      0      0      0      0      0      0      0      0      0      0      0      0      0      0      3     
0x7f96775b0530           STS [R91], R18                                         1      1      1      8192   262144  262144  32     32     0      0      Shared        Store  32     1      0      8192   8192   0      0      0      0      0      0      0      0      0      0      0      0      0      0      0      0      1      0      0      0      0      0      0      0      0      0      0      0      0      0      0      0      0      1     
0x7f96775b0540           MEMBAR.ALL.CTA                                         0      0      0      8192   262144  262144  32     32     0      0      -             -      -      0      0      0      0      0      0      0      0      0      0      0      0      0      0      0      0      0      0      0      0      0      0      0      0      0      0      0      0      0      0      0      0      0      0      0      0      0      0     
0x7f96775b0550           FENCE.VIEW.ASYNC.S                                     7      7      7      8192   262144  262144  32     32     0      0      -             -      -      0      0      0      0      0      0      0      0      0      4      0      0      0      0      0      0      0      0      0      0      3      0      0      0      0      0      4      0      0      0      0      0      0      0      0      0      0      3     
0x7f96775b0560           BAR.SYNC.DEFER_BLOCKING 0x1, 0x80                      9      9      9      8192   262144  262144  32     32     0      0      -             -      -      0      0      0      0      0      0      0      0      0      9      0      0      0      0      0      0      0      0      0      0      0      0      0      0      0      0      9      0      0      0      0      0      0      0      0      0      0      0     
0x7f96775b0570     @P0   SYNCS.ARRIVE.TRANS64.A1T0 RZ, [UR5+0x8], RZ            7      7      7      8192   262144  8192    32     1      31     0      -             -      -      0      0      0      0      4      0      0      0      0      0      0      0      0      0      0      0      0      0      0      0      3      4      0      0      0      0      0      0      0      0      0      0      0      0      0      0      0      3     
0x7f96775b0580           ISETP.NE.U32.AND P0, PT, R149, 0x5, PT                 0      0      0      12288  393216  393216  32     32     0      0      -             -      -      0      0      0      0      0      0      0      0      0      0      0      0      0      0      0      0      0      0      0      0      0      0      0      0      0      0      0      0      0      0      0      0      0      0      0      0      0      0     
0x7f96775b0590     @P0   EXIT                                                   4      3      4      12288  393216  327680  32     26     6      0      -             -      -      0      0      0      0      0      0      0      0      0      0      0      0      0      0      0      0      1      0      0      0      3      0      0      0      0      0      0      0      0      0      0      0      0      0      0      0      0      3     
0x7f96775b05a0           SHF.L.U32 R0, RZ, 0x1f, RZ                             219    219    219    2048   65536   65536   32     32     0      0      -             -      -      0      0      0      0      0      6      0      212    0      0      0      0      0      0      0      0      0      0      0      0      1      0      6      0      212    0      0      0      0      0      0      0      0      0      0      0      0      1     
0x7f96775b05b0           IMAD.U32 R3, RZ, RZ, UR5                               0      0      0      229571 7346272 7346272 32     32     0      0      -             -      -      0      0      0      0      0      0      0      0      0      0      0      0      0      0      0      0      0      0      0      0      0      0      0      0      0      0      0      0      0      0      0      0      0      0      0      0      0      0     
0x7f96775b05c0           SYNCS.PHASECHK.TRANS64.TRYWAIT P0, [R3+URZ+0x8], R0    0      0      0      229571 7346272 7346272 32     32     0      0      -             -      -      0      0      0      0      0      0      0      0      0      0      0      0      0      0      0      0      0      0      0      0      0      0      0      0      0      0      0      0      0      0      0      0      0      0      0      0      0      0     
0x7f96775b05d0     @!P0  NANOSLEEP.SYNCS 0x989680                               47     42     47     229571 7346272 7301344 32     31     1      0      -             -      -      0      0      0      0      0      0      0      0      0      47     0      0      0      0      0      0      0      0      0      0      0      0      0      0      0      0      42     0      0      0      0      0      0      0      0      0      0      0     
0x7f96775b05e0     @!P0  SYNCS.PHASECHK.TRANS64 P0, [R3+URZ+0x8], R0            5      4      5      229571 7346272 7301344 32     31     1      0      -             -      -      0      0      0      0      0      0      0      0      0      0      0      0      0      0      0      0      1      0      0      0      4      0      0      0      0      0      0      0      0      0      0      0      0      0      0      0      0      4     
0x7f96775b05f0     @!P0  BRA 0x7f96775b05b0                                     13     12     13     229571 7346272 7280736 32     31     1      0      -             -      -      0      0      0      0      0      0      0      0      0      12     0      0      0      0      0      0      1      0      0      0      0      0      0      0      0      0      12     0      0      0      0      0      0      0      0      0      0      0     
0x7f96775b0600           LDCU.64 UR6, c[0x0][0x348]                             1      1      1      2048   65536   65536   32     32     0      0      -             -      -      0      0      0      0      0      0      0      0      0      0      0      0      0      0      0      0      0      0      0      0      1      0      0      0      0      0      0      0      0      0      0      0      0      0      0      0      0      1     
0x7f96775b0610           USHF.L.U32 UR9, UR16, 0x7, URZ                         0      0      0      2048   65536   65536   32     32     0      0      -             -      -      0      0      0      0      0      0      0      0      0      0      0      0      0      0      0      0      0      0      0      0      0      0      0      0      0      0      0      0      0      0      0      0      0      0      0      0      0      0     
0x7f96775b0620           USHF.L.U32 UR10, UR17, 0x7, URZ                        2      0      2      2048   65536   65536   32     32     0      0      -             -      -      0      0      0      0      0      0      0      0      0      0      0      0      0      0      0      0      2      0      0      0      0      0      0      0      0      0      0      0      0      0      0      0      0      0      0      0      0      0     
0x7f96775b0630           UIADD3 UR8, UPT, UPT, UR5, 0x10080, URZ                0      0      0      2048   65536   65536   32     32     0      0      -             -      -      0      0      0      0      0      0      0      0      0      0      0      0      0      0      0      0      0      0      0      0      0      0      0      0      0      0      0      0      0      0      0      0      0      0      0      0      0      0     
0x7f96775b0640           UIADD3 UR12, UPT, UPT, UR5, 0x14080, URZ               2      1      2      2048   65536   65536   32     32     0      0      -             -      -      0      0      0      0      0      0      0      0      0      0      0      0      0      0      0      0      1      0      0      0      1      0      0      0      0      0      0      0      0      0      0      0      0      0      0      0      0      1     
0x7f96775b0650           UIADD3 UR13, UPT, UPT, UR9, 0x20, URZ                  2      0      2      2048   65536   65536   32     32     0      0      -             -      -      0      0      0      0      0      0      0      0      0      0      0      0      0      0      0      0      2      0      0      0      0      0      0      0      0      0      0      0      0      0      0      0      0      0      0      0      0      0     
0x7f96775b0660           UIADD3 UR20, UPT, UPT, UR5, 0x18080, URZ               0      0      0      2048   65536   65536   32     32     0      0      -             -      -      0      0      0      0      0      0      0      0      0      0      0      0      0      0      0      0      0      0      0      0      0      0      0      0      0      0      0      0      0      0      0      0      0      0      0      0      0      0     
0x7f96775b0670           UIADD3 UR21, UPT, UPT, UR9, 0x40, URZ                  2      1      2      2048   65536   65536   32     32     0      0      -             -      -      0      0      0      0      0      0      0      0      0      0      0      0      0      0      0      0      1      0      0      0      1      0      0      0      0      0      0      0      0      0      0      0      0      0      0      0      0      1     
0x7f96775b0680           UIADD3 UR6, UP0, UPT, UR6, 0x80, URZ                   5      4      5      2048   65536   65536   32     32     0      0      -             -      -      0      0      0      0      0      0      0      0      0      0      0      0      0      0      0      0      1      4      0      0      0      0      0      0      0      0      0      0      0      0      0      0      0      0      4      0      0      0     
0x7f96775b0690           UIADD3 UR24, UPT, UPT, UR5, 0x1c080, URZ               0      0      0      2048   65536   65536   32     32     0      0      -             -      -      0      0      0      0      0      0      0      0      0      0      0      0      0      0      0      0      0      0      0      0      0      0      0      0      0      0      0      0      0      0      0      0      0      0      0      0      0      0     
0x7f96775b06a0           UIADD3.X UR7, UPT, UPT, URZ, UR7, URZ, UP0, !UPT       0      0      0      2048   65536   65536   32     32     0      0      -             -      -      0      0      0      0      0      0      0      0      0      0      0      0      0      0      0      0      0      0      0      0      0      0      0      0      0      0      0      0      0      0      0      0      0      0      0      0      0      0     
0x7f96775b06b0           UIADD3 UR25, UPT, UPT, UR9, 0x60, URZ                  1      1      1      2048   65536   65536   32     32     0      0      -             -      -      0      0      0      0      0      0      0      0      0      0      0      0      0      0      0      0      0      0      0      0      1      0      0      0      0      0      0      0      0      0      0      0      0      0      0      0      0      1     
0x7f96775b06c0           UMOV UR14, UR10                                        0      0      0      2048   65536   65536   32     32     0      0      -             -      -      0      0      0      0      0      0      0      0      0      0      0      0      0      0      0      0      0      0      0      0      0      0      0      0      0      0      0      0      0      0      0      0      0      0      0      0      0      0     
0x7f96775b06d0           UMOV UR22, UR10                                        0      0      0      2048   65536   65536   32     32     0      0      -             -      -      0      0      0      0      0      0      0      0      0      0      0      0      0      0      0      0      0      0      0      0      0      0      0      0      0      0      0      0      0      0      0      0      0      0      0      0      0      0     
0x7f96775b06e0           UMOV UR26, UR10                                        1      0      1      2048   65536   65536   32     32     0      0      -             -      -      0      0      0      0      0      0      0      0      0      0      0      0      0      0      0      0      1      0      0      0      0      0      0      0      0      0      0      0      0      0      0      0      0      0      0      0      0      0     
0x7f96775b06f0           UTMASTG.2D desc[URZ], [UR8], [UR6]                     3      2      3      2048   65536   65536   32     32     0      0      Global,Shared -      -      0      0      0      0      0      0      1      0      0      0      0      0      0      0      0      0      1      0      0      0      1      0      0      1      0      0      0      0      0      0      0      0      0      0      0      0      0      1     
0x7f96775b0700           UTMASTG.2D desc[URZ], [UR12], [UR6]                    2      0      2      2048   65536   65536   32     32     0      0      Global,Shared -      -      0      0      0      0      0      0      0      0      0      0      0      0      0      0      0      0      2      0      0      0      0      0      0      0      0      0      0      0      0      0      0      0      0      0      0      0      0      0     
0x7f96775b0710           UTMASTG.2D desc[URZ], [UR20], [UR6]                    1      0      1      2048   65536   65536   32     32     0      0      Global,Shared -      -      0      0      0      0      0      0      0      0      0      0      0      0      0      0      0      0      1      0      0      0      0      0      0      0      0      0      0      0      0      0      0      0      0      0      0      0      0      0     
0x7f96775b0720           UTMASTG.2D desc[URZ], [UR24], [UR6]                    2      0      2      2048   65536   65536   32     32     0      0      Global,Shared -      -      0      0      0      0      0      0      0      0      0      0      0      0      0      0      0      0      2      0      0      0      0      0      0      0      0      0      0      0      0      0      0      0      0      0      0      0      0      0     
0x7f96775b0730           EXIT                                                   12     12     12     2048   65536   65536   32     32     0      0      -             -      -      0      0      0      0      0      0      0      0      0      11     0      0      0      0      0      0      0      0      0      0      1      0      0      0      0      0      11     0      0      0      0      0      0      0      0      0      0      1     
0x7f96775b0740           BRA 0x7f96775b0740                                     1044   1044   1044   0      0       0       0      0      0      0      -             -      -      0      0      0      0      0      6      0      1037   0      0      0      0      0      0      0      0      0      0      0      0      1      0      6      0      1037   0      0      0      0      0      0      0      0      0      0      0      0      1     
0x7f96775b0750           NOP                                                    0      0      0      0      0       0       0      0      32     0      -             -      -      0      0      0      0      0      0      0      0      0      0      0      0      0      0      0      0      0      0      0      0      0      0      0      0      0      0      0      0      0      0      0      0      0      0      0      0      0      0     
0x7f96775b0760           NOP                                                    0      0      0      0      0       0       0      0      32     0      -             -      -      0      0      0      0      0      0      0      0      0      0      0      0      0      0      0      0      0      0      0      0      0      0      0      0      0      0      0      0      0      0      0      0      0      0      0      0      0      0     
0x7f96775b0770           NOP                                                    0      0      0      0      0       0       0      0      32     0      -             -      -      0      0      0      0      0      0      0      0      0      0      0      0      0      0      0      0      0      0      0      0      0      0      0      0      0      0      0      0      0      0      0      0      0      0      0      0      0      0     
0x7f96775b0780           NOP                                                    0      0      0      0      0       0       0      0      32     0      -             -      -      0      0      0      0      0      0      0      0      0      0      0      0      0      0      0      0      0      0      0      0      0      0      0      0      0      0      0      0      0      0      0      0      0      0      0      0      0      0     
0x7f96775b0790           NOP                                                    0      0      0      0      0       0       0      0      32     0      -             -      -      0      0      0      0      0      0      0      0      0      0      0      0      0      0      0      0      0      0      0      0      0      0      0      0      0      0      0      0      0      0      0      0      0      0      0      0      0      0     
0x7f96775b07a0           NOP                                                    0      0      0      0      0       0       0      0      32     0      -             -      -      0      0      0      0      0      0      0      0      0      0      0      0      0      0      0      0      0      0      0      0      0      0      0      0      0      0      0      0      0      0      0      0      0      0      0      0      0      0     
0x7f96775b07b0           NOP                                                    0      0      0      0      0       0       0      0      32     0      -             -      -      0      0      0      0      0      0      0      0      0      0      0      0      0      0      0      0      0      0      0      0      0      0      0      0      0      0      0      0      0      0      0      0      0      0      0      0      0      0     
0x7f96775b07c0           NOP                                                    0      0      0      0      0       0       0      0      32     0      -             -      -      0      0      0      0      0      0      0      0      0      0      0      0      0      0      0      0      0      0      0      0      0      0      0      0      0      0      0      0      0      0      0      0      0      0      0      0      0      0     
0x7f96775b07d0           NOP                                                    0      0      0      0      0       0       0      0      32     0      -             -      -      0      0      0      0      0      0      0      0      0      0      0      0      0      0      0      0      0      0      0      0      0      0      0      0      0      0      0      0      0      0      0      0      0      0      0      0      0      0     
0x7f96775b07e0           NOP                                                    0      0      0      0      0       0       0      0      32     0      -             -      -      0      0      0      0      0      0      0      0      0      0      0      0      0      0      0      0      0      0      0      0      0      0      0      0      0      0      0      0      0      0      0      0      0      0      0      0      0      0     
0x7f96775b07f0           NOP                                                    0      0      0      0      0       0       0      0      32     0      -             -      -      0      0      0      0      0      0      0      0      0      0      0      0      0      0      0      0      0      0      0      0      0      0      0      0      0      0      0      0      0      0      0      0      0      0      0      0      0      0     
